Wlgth,"Reflectivity (P-Pol, 5°)",Wlgth,"GDD (P-Pol, 5°)"
900,81.58611,900,-2585.92
900.0938,80.94629,900.0938,-2636.48
900.1876,80.2674,900.1876,-2674.66
900.2815,79.54682,900.2815,-2696.64
900.3753,78.78172,900.3753,-2697.73
900.4692,77.96908,900.4692,-2672.13
900.5631,77.10572,900.5631,-2612.66
900.657,76.18824,900.657,-2510.45
900.7509,75.21309,900.7509,-2354.54
900.8449,74.17651,900.8449,-2131.41
900.9389,73.07463,900.9389,-1824.33
901.0329,71.90343,901.0329,-1412.67
901.1269,70.65882,901.1269,-870.985
901.2209,69.3367,901.2209,-167.895
901.315,67.93303,901.315,735.2212
901.409,66.44395,901.409,1885.818
901.5031,64.86592,901.5031,3342.037
901.5972,63.19592,901.5972,5174.833
901.6914,61.43165,901.6914,7470.305
901.7855,59.57187,901.7855,10332.1
901.8797,57.61668,901.8797,13883.58
901.9739,55.56804,901.9739,18269.18
902.0681,53.43017,902.0681,23653.93
902.1623,51.21019,902.1623,30219.49
902.2566,48.91868,902.2566,38153.76
902.3509,46.57039,902.3509,47629.79
902.4451,44.18483,902.4451,58767.23
902.5395,41.78689,902.5395,71567.49
902.6338,39.40725,902.6338,85811.81
902.7281,37.08254,902.7281,100913.6
902.8225,34.85513,902.8225,115729
902.9169,32.77241,902.9169,128359.9
903.0113,30.88547,903.0113,136048
903.1057,29.24712,903.1057,135339.4
903.2002,27.90929,903.2002,122749.8
903.2946,26.91995,903.2946,96033.28
903.3891,26.31978,903.3891,55739.45
903.4836,26.13899,903.4836,6165.297
903.5782,26.39472,903.5782,-45298
903.6727,27.08928,903.6727,-90527.3
903.7673,28.20973,903.7673,-123480
903.8619,29.72861,903.8619,-141798
903.9565,31.60603,903.9565,-146578
904.0511,33.79257,904.0511,-140971
904.1457,36.23272,904.1457,-128676
904.2404,38.86844,904.2404,-112949
904.3351,41.64234,904.3351,-96200.1
904.4298,44.50035,904.4298,-79984.9
904.5245,47.39367,904.5245,-65176.2
904.6193,50.27994,904.6193,-52167
904.714,53.12381,904.714,-41046
904.8088,55.89689,904.8088,-31727.5
904.9036,58.57737,904.9036,-24037.2
904.9984,61.14939,904.9984,-17767.1
905.0933,63.6022,905.0933,-12706
905.1881,65.92939,905.1881,-8656.55
905.283,68.12804,905.283,-5443.12
905.3779,70.19801,905.3779,-2913.89
905.4728,72.14128,905.4728,-940.405
905.5678,73.96142,905.5678,584.3826
905.6628,75.66308,905.6628,1748.748
905.7577,77.2517,905.7577,2624.89
905.8527,78.73314,905.8527,3271.501
905.9478,80.11349,905.9478,3736.065
906.0428,81.39888,906.0428,4056.859
906.1379,82.5954,906.1379,4264.643
906.2329,83.70893,906.2329,4384.077
906.3281,84.74515,906.3281,4434.881
906.4232,85.70945,906.4232,4432.8
906.5183,86.60695,906.5183,4390.373
906.6135,87.44244,906.6135,4317.571
906.7087,88.22042,906.7087,4222.298
906.8039,88.94507,906.8039,4110.807
906.8991,89.62029,906.8991,3988.028
906.9943,90.2497,906.9943,3857.83
907.0896,90.83666,907.0896,3723.238
907.1849,91.38426,907.1849,3586.602
907.2802,91.89536,907.2802,3449.732
907.3755,92.37263,907.3755,3314.009
907.4708,92.8185,907.4708,3180.475
907.5662,93.23524,907.5662,3049.9
907.6616,93.62492,907.6616,2922.839
907.757,93.98947,907.757,2799.68
907.8524,94.33067,907.8524,2680.676
907.9479,94.65016,907.9479,2565.979
908.0433,94.94945,908.0433,2455.658
908.1388,95.22995,908.1388,2349.722
908.2343,95.49295,908.2343,2248.13
908.3298,95.73965,908.3298,2150.809
908.4254,95.97116,908.4254,2057.657
908.5209,96.1885,908.5209,1968.554
908.6165,96.39263,908.6165,1883.367
908.7121,96.58443,908.7121,1801.955
908.8077,96.76471,908.8077,1724.172
908.9034,96.93423,908.9034,1649.87
908.9991,97.0937,908.9991,1578.9
909.0947,97.24377,909.0947,1511.116
909.1904,97.38505,909.1904,1446.374
909.2862,97.5181,909.2862,1384.535
909.3819,97.64346,909.3819,1325.462
909.4777,97.7616,909.4777,1269.026
909.5735,97.87298,909.5735,1215.101
909.6693,97.97803,909.6693,1163.566
909.7651,98.07715,909.7651,1114.306
909.8609,98.17069,909.8609,1067.211
909.9568,98.25902,909.9568,1022.176
910.0527,98.34243,910.0527,979.1022
910.1486,98.42125,910.1486,937.8938
910.2445,98.49574,910.2445,898.4609
910.3405,98.56617,910.3405,860.7176
910.4364,98.63277,910.4364,824.5828
910.5324,98.69579,910.5324,789.9792
910.6284,98.75543,910.6284,756.8334
910.7245,98.8119,910.7245,725.076
910.8205,98.86537,910.8205,694.6409
910.9166,98.91603,910.9166,665.4656
911.0127,98.96403,911.0127,637.4907
911.1088,99.00954,911.1088,610.6598
911.2049,99.0527,911.2049,584.9195
911.301,99.09364,911.301,560.2189
911.3972,99.13248,911.3972,536.51
911.4934,99.16935,911.4934,513.7469
911.5896,99.20436,911.5896,491.8862
911.6858,99.23762,911.6858,470.8868
911.7821,99.26921,911.7821,450.7093
911.8784,99.29924,911.8784,431.3166
911.9747,99.32779,911.9747,412.6733
912.071,99.35494,912.071,394.7457
912.1673,99.38077,912.1673,377.502
912.2637,99.40535,912.2637,360.9116
912.36,99.42874,912.36,344.9456
912.4564,99.45102,912.4564,329.5766
912.5528,99.47224,912.5528,314.7784
912.6493,99.49246,912.6493,300.5261
912.7457,99.51173,912.7457,286.7959
912.8422,99.5301,912.8422,273.5652
912.9387,99.54762,912.9387,260.8127
913.0352,99.56433,913.0352,248.5178
913.1317,99.58028,913.1317,236.6609
913.2283,99.5955,913.2283,225.2236
913.3249,99.61003,913.3249,214.188
913.4215,99.62391,913.4215,203.5374
913.5181,99.63717,913.5181,193.2556
913.6147,99.64984,913.6147,183.3272
913.7114,99.66195,913.7114,173.7377
913.8081,99.67353,913.8081,164.473
913.9048,99.68461,913.9048,155.5199
914.0015,99.6952,914.0015,146.8655
914.0982,99.70534,914.0982,138.4979
914.195,99.71505,914.195,130.4054
914.2918,99.72434,914.2918,122.5769
914.3886,99.73324,914.3886,115.0019
914.4854,99.74177,914.4854,107.6703
914.5822,99.74994,914.5822,100.5725
914.6791,99.75777,914.6791,93.69916
914.776,99.76527,914.776,87.04163
914.8729,99.77247,914.8729,80.59143
914.9698,99.77938,914.9698,74.34055
915.0668,99.78601,915.0668,68.28128
915.1637,99.79237,915.1637,62.40627
915.2607,99.79847,915.2607,56.7085
915.3577,99.80433,915.3577,51.18123
915.4547,99.80996,915.4547,45.81803
915.5518,99.81537,915.5518,40.61274
915.6489,99.82056,915.6489,35.55946
915.7459,99.82556,915.7459,30.65255
915.8431,99.83036,915.8431,25.88659
915.9402,99.83497,915.9402,21.25642
916.0373,99.83941,916.0373,16.75707
916.1345,99.84368,916.1345,12.3838
916.2317,99.84778,916.2317,8.132042
916.3289,99.85174,916.3289,3.997441
916.4261,99.85554,916.4261,-0.02419
916.5234,99.8592,916.5234,-3.93686
916.6207,99.86273,916.6207,-7.74441
916.718,99.86613,916.718,-11.4505
916.8153,99.8694,916.8153,-15.0588
916.9126,99.87255,916.9126,-18.5725
917.01,99.87559,917.01,-21.995
917.1074,99.87851,917.1074,-25.3294
917.2048,99.88134,917.2048,-28.5787
917.3022,99.88406,917.3022,-31.7458
917.3996,99.88668,917.3996,-34.8334
917.4971,99.88921,917.4971,-37.8443
917.5946,99.89165,917.5946,-40.7808
917.6921,99.894,917.6921,-43.6457
917.7896,99.89627,917.7896,-46.441
917.8871,99.89846,917.8871,-49.1692
917.9847,99.90058,917.9847,-51.8325
918.0823,99.90262,918.0823,-54.4328
918.1799,99.90458,918.1799,-56.9723
918.2775,99.90649,918.2775,-59.4529
918.3752,99.90832,918.3752,-61.8763
918.4728,99.91009,918.4728,-64.2446
918.5705,99.9118,918.5705,-66.5592
918.6682,99.91345,918.6682,-68.822
918.766,99.91505,918.766,-71.0345
918.8637,99.91659,918.8637,-73.1983
918.9615,99.91808,918.9615,-75.3147
919.0593,99.91952,919.0593,-77.3854
919.1571,99.9209,919.1571,-79.4116
919.2549,99.92224,919.2549,-81.3947
919.3528,99.92354,919.3528,-83.3359
919.4507,99.92479,919.4507,-85.2365
919.5486,99.92599,919.5486,-87.0976
919.6465,99.92716,919.6465,-88.9204
919.7444,99.92829,919.7444,-90.7061
919.8424,99.92937,919.8424,-92.4556
919.9403,99.93042,919.9403,-94.1699
920.0384,99.93143,920.0384,-95.8502
920.1364,99.93241,920.1364,-97.4973
920.2344,99.93336,920.2344,-99.1121
920.3325,99.93427,920.3325,-100.696
920.4306,99.93514,920.4306,-102.248
920.5287,99.93599,920.5287,-103.772
920.6268,99.93681,920.6268,-105.266
920.7249,99.93759,920.7249,-106.732
920.8231,99.93835,920.8231,-108.171
920.9213,99.93908,920.9213,-109.583
921.0195,99.93979,921.0195,-110.969
921.1177,99.94046,921.1177,-112.33
921.216,99.94112,921.216,-113.666
921.3143,99.94174,921.3143,-114.978
921.4126,99.94234,921.4126,-116.266
921.5109,99.94292,921.5109,-117.532
921.6092,99.94348,921.6092,-118.775
921.7076,99.94401,921.7076,-119.996
921.806,99.94452,921.806,-121.196
921.9044,99.94501,921.9044,-122.375
922.0028,99.94548,922.0028,-123.534
922.1012,99.94592,922.1012,-124.673
922.1997,99.94635,922.1997,-125.792
922.2982,99.94676,922.2982,-126.892
922.3967,99.94714,922.3967,-127.974
922.4952,99.94751,922.4952,-129.037
922.5937,99.94786,922.5937,-130.083
922.6923,99.94819,922.6923,-131.111
922.7909,99.9485,922.7909,-132.122
922.8895,99.9488,922.8895,-133.116
922.9881,99.94908,922.9881,-134.093
923.0868,99.94934,923.0868,-135.054
923.1855,99.94958,923.1855,-136
923.2842,99.94981,923.2842,-136.929
923.3829,99.95001,923.3829,-137.843
923.4816,99.95021,923.4816,-138.742
923.5804,99.95039,923.5804,-139.627
923.6791,99.95055,923.6791,-140.496
923.7779,99.95069,923.7779,-141.351
923.8768,99.95082,923.8768,-142.192
923.9756,99.95094,923.9756,-143.018
924.0745,99.95104,924.0745,-143.831
924.1734,99.95112,924.1734,-144.63
924.2723,99.95119,924.2723,-145.415
924.3712,99.95125,924.3712,-146.187
924.4701,99.95129,924.4701,-146.945
924.5691,99.95131,924.5691,-147.691
924.6681,99.95133,924.6681,-148.423
924.7671,99.95132,924.7671,-149.143
924.8661,99.95131,924.8661,-149.85
924.9652,99.95128,924.9652,-150.544
925.0643,99.95124,925.0643,-151.226
925.1634,99.95118,925.1634,-151.895
925.2625,99.95111,925.2625,-152.553
925.3616,99.95103,925.3616,-153.198
925.4608,99.95094,925.4608,-153.831
925.56,99.95083,925.56,-154.452
925.6592,99.95072,925.6592,-155.062
925.7584,99.95059,925.7584,-155.661
925.8576,99.95045,925.8576,-156.248
925.9569,99.9503,925.9569,-156.824
926.0562,99.95014,926.0562,-157.39
926.1555,99.94997,926.1555,-157.946
926.2548,99.94979,926.2548,-158.492
926.3542,99.9496,926.3542,-159.028
926.4536,99.94941,926.4536,-159.555
926.5529,99.9492,926.5529,-160.074
926.6524,99.949,926.6524,-160.586
926.7518,99.94878,926.7518,-161.09
926.8513,99.94857,926.8513,-161.588
926.9507,99.94835,926.9507,-162.081
927.0502,99.94813,927.0502,-162.571
927.1498,99.9479,927.1498,-163.057
927.2493,99.94768,927.2493,-163.541
927.3489,99.94747,927.3489,-164.026
927.4485,99.94725,927.4485,-164.511
927.5481,99.94704,927.5481,-165
927.6477,99.94684,927.6477,-165.494
927.7473,99.94666,927.7473,-165.994
927.847,99.94648,927.847,-166.503
927.9467,99.94632,927.9467,-167.022
928.0464,99.94617,928.0464,-167.554
928.1462,99.94604,928.1462,-168.102
928.2459,99.94594,928.2459,-168.666
928.3457,99.94586,928.3457,-169.249
928.4455,99.9458,928.4455,-169.852
928.5453,99.94578,928.5453,-170.478
928.6452,99.94578,928.6452,-171.128
928.745,99.94583,928.745,-171.802
928.8449,99.94591,928.8449,-172.501
928.9448,99.94603,928.9448,-173.225
929.0448,99.94619,929.0448,-173.974
929.1447,99.94639,929.1447,-174.747
929.2447,99.94665,929.2447,-175.541
929.3447,99.94695,929.3447,-176.355
929.4447,99.9473,929.4447,-177.186
929.5447,99.9477,929.5447,-178.029
929.6448,99.94815,929.6448,-178.881
929.7449,99.94865,929.7449,-179.737
929.845,99.94921,929.845,-180.591
929.9451,99.94981,929.9451,-181.438
930.0452,99.95047,930.0452,-182.273
930.1454,99.95118,930.1454,-183.089
930.2456,99.95193,930.2456,-183.881
930.3458,99.95272,930.3458,-184.644
930.446,99.95356,930.446,-185.373
930.5463,99.95444,930.5463,-186.064
930.6466,99.95536,930.6466,-186.712
930.7468,99.95631,930.7468,-187.317
930.8472,99.95728,930.8472,-187.874
930.9475,99.95829,930.9475,-188.384
931.0479,99.95931,931.0479,-188.847
931.1482,99.96035,931.1482,-189.262
931.2487,99.96141,931.2487,-189.631
931.3491,99.96247,931.3491,-189.957
931.4495,99.96355,931.4495,-190.241
931.55,99.96462,931.55,-190.487
931.6505,99.96569,931.6505,-190.699
931.751,99.96676,931.751,-190.88
931.8515,99.96782,931.8515,-191.034
931.9521,99.96886,931.9521,-191.164
932.0527,99.9699,932.0527,-191.275
932.1533,99.97092,932.1533,-191.37
932.2539,99.97192,932.2539,-191.453
932.3545,99.9729,932.3545,-191.527
932.4552,99.97386,932.4552,-191.594
932.5559,99.9748,932.5559,-191.658
932.6566,99.97572,932.6566,-191.72
932.7573,99.97661,932.7573,-191.784
932.8581,99.97747,932.8581,-191.849
932.9588,99.97831,932.9588,-191.919
933.0596,99.97912,933.0596,-191.993
933.1605,99.97991,933.1605,-192.073
933.2613,99.98067,933.2613,-192.16
933.3622,99.9814,933.3622,-192.253
933.463,99.98211,933.463,-192.354
933.5639,99.9828,933.5639,-192.462
933.6649,99.98345,933.6649,-192.577
933.7658,99.98409,933.7658,-192.699
933.8668,99.9847,933.8668,-192.829
933.9678,99.98528,933.9678,-192.965
934.0688,99.98585,934.0688,-193.107
934.1698,99.98639,934.1698,-193.255
934.2709,99.9869,934.2709,-193.409
934.372,99.9874,934.372,-193.568
934.4731,99.98788,934.4731,-193.731
934.5742,99.98834,934.5742,-193.899
934.6753,99.98878,934.6753,-194.07
934.7765,99.9892,934.7765,-194.245
934.8777,99.9896,934.8777,-194.422
934.9789,99.98999,934.9789,-194.602
935.0801,99.99036,935.0801,-194.784
935.1814,99.99072,935.1814,-194.968
935.2827,99.99106,935.2827,-195.153
935.3839,99.99138,935.3839,-195.339
935.4853,99.9917,935.4853,-195.526
935.5866,99.992,935.5866,-195.713
935.688,99.99228,935.688,-195.901
935.7894,99.99256,935.7894,-196.088
935.8908,99.99282,935.8908,-196.275
935.9922,99.99307,935.9922,-196.461
936.0936,99.99332,936.0936,-196.647
936.1951,99.99355,936.1951,-196.831
936.2966,99.99377,936.2966,-197.015
936.3981,99.99399,936.3981,-197.197
936.4997,99.99419,936.4997,-197.378
936.6012,99.99439,936.6012,-197.557
936.7028,99.99458,936.7028,-197.735
936.8044,99.99476,936.8044,-197.91
936.9061,99.99493,936.9061,-198.084
937.0077,99.9951,937.0077,-198.257
937.1094,99.99526,937.1094,-198.427
937.2111,99.99541,937.2111,-198.595
937.3128,99.99556,937.3128,-198.76
937.4145,99.9957,937.4145,-198.924
937.5163,99.99584,937.5163,-199.086
937.6181,99.99597,937.6181,-199.245
937.7199,99.99609,937.7199,-199.402
937.8217,99.99621,937.8217,-199.556
937.9235,99.99633,937.9235,-199.708
938.0254,99.99644,938.0254,-199.858
938.1273,99.99655,938.1273,-200.005
938.2292,99.99665,938.2292,-200.15
938.3312,99.99675,938.3312,-200.292
938.4331,99.99685,938.4331,-200.432
938.5351,99.99694,938.5351,-200.57
938.6371,99.99703,938.6371,-200.705
938.7391,99.99712,938.7391,-200.837
938.8412,99.9972,938.8412,-200.968
938.9432,99.99728,938.9432,-201.095
939.0453,99.99735,939.0453,-201.22
939.1475,99.99743,939.1475,-201.343
939.2496,99.9975,939.2496,-201.463
939.3518,99.99757,939.3518,-201.581
939.4539,99.99764,939.4539,-201.696
939.5561,99.9977,939.5561,-201.809
939.6584,99.99776,939.6584,-201.919
939.7606,99.99782,939.7606,-202.027
939.8629,99.99788,939.8629,-202.133
939.9652,99.99793,939.9652,-202.236
940.0675,99.99799,940.0675,-202.337
940.1698,99.99804,940.1698,-202.435
940.2722,99.99809,940.2722,-202.531
940.3746,99.99814,940.3746,-202.625
940.477,99.99819,940.477,-202.716
940.5794,99.99823,940.5794,-202.805
940.6818,99.99828,940.6818,-202.892
940.7843,99.99832,940.7843,-202.976
940.8868,99.99836,940.8868,-203.058
940.9893,99.9984,940.9893,-203.138
941.0919,99.99844,941.0919,-203.215
941.1944,99.99847,941.1944,-203.291
941.297,99.99851,941.297,-203.364
941.3996,99.99855,941.3996,-203.434
941.5022,99.99858,941.5022,-203.503
941.6049,99.99861,941.6049,-203.569
941.7076,99.99864,941.7076,-203.634
941.8103,99.99868,941.8103,-203.696
941.913,99.99871,941.913,-203.756
942.0157,99.99873,942.0157,-203.814
942.1185,99.99876,942.1185,-203.869
942.2213,99.99879,942.2213,-203.923
942.3241,99.99882,942.3241,-203.974
942.4269,99.99884,942.4269,-204.024
942.5297,99.99887,942.5297,-204.071
942.6326,99.99889,942.6326,-204.117
942.7355,99.99891,942.7355,-204.16
942.8384,99.99894,942.8384,-204.201
942.9414,99.99896,942.9414,-204.241
943.0443,99.99898,943.0443,-204.278
943.1473,99.999,943.1473,-204.314
943.2503,99.99902,943.2503,-204.347
943.3534,99.99904,943.3534,-204.379
943.4564,99.99906,943.4564,-204.408
943.5595,99.99908,943.5595,-204.436
943.6626,99.9991,943.6626,-204.462
943.7657,99.99911,943.7657,-204.486
943.8689,99.99913,943.8689,-204.508
943.972,99.99915,943.972,-204.529
944.0752,99.99916,944.0752,-204.547
944.1784,99.99918,944.1784,-204.564
944.2817,99.9992,944.2817,-204.579
944.3849,99.99921,944.3849,-204.593
944.4882,99.99923,944.4882,-204.604
944.5915,99.99924,944.5915,-204.614
944.6948,99.99925,944.6948,-204.622
944.7982,99.99927,944.7982,-204.629
944.9015,99.99928,944.9015,-204.634
945.0049,99.99929,945.0049,-204.637
945.1083,99.9993,945.1083,-204.638
945.2118,99.99932,945.2118,-204.638
945.3152,99.99933,945.3152,-204.636
945.4187,99.99934,945.4187,-204.633
945.5222,99.99935,945.5222,-204.628
945.6258,99.99936,945.6258,-204.622
945.7293,99.99937,945.7293,-204.614
945.8329,99.99938,945.8329,-204.604
945.9365,99.99939,945.9365,-204.593
946.0401,99.9994,946.0401,-204.581
946.1437,99.99941,946.1437,-204.567
946.2474,99.99942,946.2474,-204.552
946.3511,99.99943,946.3511,-204.535
946.4548,99.99944,946.4548,-204.517
946.5585,99.99945,946.5585,-204.497
946.6623,99.99946,946.6623,-204.476
946.7661,99.99947,946.7661,-204.454
946.8699,99.99947,946.8699,-204.43
946.9737,99.99948,946.9737,-204.405
947.0775,99.99949,947.0775,-204.379
947.1814,99.9995,947.1814,-204.351
947.2853,99.9995,947.2853,-204.323
947.3892,99.99951,947.3892,-204.293
947.4931,99.99952,947.4931,-204.261
947.5971,99.99953,947.5971,-204.229
947.7011,99.99953,947.7011,-204.195
947.8051,99.99954,947.8051,-204.16
947.9091,99.99954,947.9091,-204.124
948.0132,99.99955,948.0132,-204.087
948.1172,99.99956,948.1172,-204.049
948.2213,99.99956,948.2213,-204.009
948.3255,99.99957,948.3255,-203.969
948.4296,99.99957,948.4296,-203.927
948.5338,99.99958,948.5338,-203.885
948.638,99.99959,948.638,-203.841
948.7422,99.99959,948.7422,-203.796
948.8464,99.9996,948.8464,-203.751
948.9507,99.9996,948.9507,-203.704
949.0549,99.99961,949.0549,-203.656
949.1592,99.99961,949.1592,-203.608
949.2636,99.99962,949.2636,-203.559
949.3679,99.99962,949.3679,-203.508
949.4723,99.99962,949.4723,-203.457
949.5767,99.99963,949.5767,-203.405
949.6811,99.99963,949.6811,-203.352
949.7855,99.99964,949.7855,-203.299
949.89,99.99964,949.89,-203.244
949.9945,99.99965,949.9945,-203.189
950.099,99.99965,950.099,-203.133
950.2035,99.99965,950.2035,-203.076
950.3081,99.99966,950.3081,-203.019
950.4127,99.99966,950.4127,-202.96
950.5173,99.99967,950.5173,-202.901
950.6219,99.99967,950.6219,-202.842
950.7266,99.99967,950.7266,-202.782
950.8312,99.99968,950.8312,-202.721
950.9359,99.99968,950.9359,-202.659
951.0406,99.99968,951.0406,-202.597
951.1454,99.99969,951.1454,-202.535
951.2501,99.99969,951.2501,-202.472
951.3549,99.99969,951.3549,-202.408
951.4597,99.99969,951.4597,-202.344
951.5646,99.9997,951.5646,-202.279
951.6694,99.9997,951.6694,-202.214
951.7743,99.9997,951.7743,-202.148
951.8792,99.99971,951.8792,-202.082
951.9841,99.99971,951.9841,-202.016
952.0891,99.99971,952.0891,-201.949
952.194,99.99971,952.194,-201.882
952.299,99.99972,952.299,-201.814
952.4041,99.99972,952.4041,-201.746
952.5091,99.99972,952.5091,-201.678
952.6142,99.99972,952.6142,-201.609
952.7192,99.99973,952.7192,-201.541
952.8244,99.99973,952.8244,-201.471
952.9295,99.99973,952.9295,-201.402
953.0347,99.99973,953.0347,-201.333
953.1398,99.99973,953.1398,-201.263
953.245,99.99974,953.245,-201.193
953.3503,99.99974,953.3503,-201.123
953.4555,99.99974,953.4555,-201.052
953.5608,99.99974,953.5608,-200.982
953.6661,99.99974,953.6661,-200.911
953.7714,99.99975,953.7714,-200.841
953.8767,99.99975,953.8767,-200.77
953.9821,99.99975,953.9821,-200.699
954.0875,99.99975,954.0875,-200.629
954.1929,99.99975,954.1929,-200.558
954.2983,99.99976,954.2983,-200.487
954.4038,99.99976,954.4038,-200.416
954.5093,99.99976,954.5093,-200.345
954.6148,99.99976,954.6148,-200.275
954.7203,99.99976,954.7203,-200.204
954.8259,99.99976,954.8259,-200.133
954.9314,99.99976,954.9314,-200.063
955.037,99.99977,955.037,-199.993
955.1427,99.99977,955.1427,-199.923
955.2483,99.99977,955.2483,-199.853
955.354,99.99977,955.354,-199.783
955.4597,99.99977,955.4597,-199.713
955.5654,99.99977,955.5654,-199.644
955.6711,99.99977,955.6711,-199.574
955.7769,99.99978,955.7769,-199.506
955.8827,99.99978,955.8827,-199.437
955.9885,99.99978,955.9885,-199.368
956.0943,99.99978,956.0943,-199.3
956.2002,99.99978,956.2002,-199.233
956.3061,99.99978,956.3061,-199.165
956.412,99.99978,956.412,-199.098
956.5179,99.99978,956.5179,-199.031
956.6238,99.99978,956.6238,-198.965
956.7298,99.99979,956.7298,-198.899
956.8358,99.99979,956.8358,-198.833
956.9418,99.99979,956.9418,-198.768
957.0479,99.99979,957.0479,-198.704
957.1539,99.99979,957.1539,-198.639
957.26,99.99979,957.26,-198.576
957.3661,99.99979,957.3661,-198.512
957.4723,99.99979,957.4723,-198.45
957.5784,99.99979,957.5784,-198.388
957.6846,99.99979,957.6846,-198.326
957.7908,99.99979,957.7908,-198.265
957.8971,99.99979,957.8971,-198.204
958.0033,99.99979,958.0033,-198.144
958.1096,99.9998,958.1096,-198.085
958.2159,99.9998,958.2159,-198.026
958.3222,99.9998,958.3222,-197.968
958.4286,99.9998,958.4286,-197.91
958.535,99.9998,958.535,-197.853
958.6414,99.9998,958.6414,-197.797
958.7478,99.9998,958.7478,-197.742
958.8542,99.9998,958.8542,-197.687
958.9607,99.9998,958.9607,-197.633
959.0672,99.9998,959.0672,-197.579
959.1737,99.9998,959.1737,-197.527
959.2802,99.9998,959.2802,-197.475
959.3868,99.9998,959.3868,-197.423
959.4934,99.9998,959.4934,-197.373
959.6,99.9998,959.6,-197.323
959.7066,99.9998,959.7066,-197.274
959.8133,99.9998,959.8133,-197.226
959.92,99.9998,959.92,-197.179
960.0267,99.9998,960.0267,-197.133
960.1334,99.9998,960.1334,-197.087
960.2402,99.9998,960.2402,-197.042
960.3469,99.9998,960.3469,-196.998
960.4537,99.9998,960.4537,-196.955
960.5606,99.9998,960.5606,-196.913
960.6674,99.9998,960.6674,-196.872
960.7743,99.9998,960.7743,-196.831
960.8812,99.9998,960.8812,-196.792
960.9881,99.9998,960.9881,-196.753
961.095,99.9998,961.095,-196.715
961.202,99.9998,961.202,-196.679
961.309,99.9998,961.309,-196.643
961.416,99.9998,961.416,-196.608
961.523,99.9998,961.523,-196.574
961.6301,99.9998,961.6301,-196.541
961.7372,99.9998,961.7372,-196.509
961.8443,99.9998,961.8443,-196.478
961.9514,99.9998,961.9514,-196.448
962.0586,99.9998,962.0586,-196.419
962.1658,99.9998,962.1658,-196.391
962.273,99.9998,962.273,-196.364
962.3802,99.9998,962.3802,-196.338
962.4875,99.9998,962.4875,-196.313
962.5947,99.9998,962.5947,-196.289
962.702,99.9998,962.702,-196.266
962.8094,99.9998,962.8094,-196.244
962.9167,99.9998,962.9167,-196.223
963.0241,99.9998,963.0241,-196.203
963.1315,99.9998,963.1315,-196.184
963.2389,99.9998,963.2389,-196.167
963.3463,99.9998,963.3463,-196.15
963.4538,99.9998,963.4538,-196.134
963.5613,99.9998,963.5613,-196.12
963.6688,99.9998,963.6688,-196.106
963.7764,99.9998,963.7764,-196.094
963.8839,99.9998,963.8839,-196.082
963.9915,99.9998,963.9915,-196.072
964.0991,99.9998,964.0991,-196.063
964.2068,99.9998,964.2068,-196.054
964.3144,99.9998,964.3144,-196.047
964.4221,99.9998,964.4221,-196.041
964.5298,99.9998,964.5298,-196.036
964.6376,99.99979,964.6376,-196.032
964.7453,99.99979,964.7453,-196.03
964.8531,99.99979,964.8531,-196.028
964.9609,99.99979,964.9609,-196.027
965.0687,99.99979,965.0687,-196.028
965.1766,99.99979,965.1766,-196.029
965.2845,99.99979,965.2845,-196.032
965.3924,99.99979,965.3924,-196.036
965.5003,99.99979,965.5003,-196.04
965.6082,99.99979,965.6082,-196.046
965.7162,99.99979,965.7162,-196.053
965.8242,99.99979,965.8242,-196.061
965.9322,99.99978,965.9322,-196.07
966.0403,99.99978,966.0403,-196.08
966.1483,99.99978,966.1483,-196.091
966.2564,99.99978,966.2564,-196.104
966.3646,99.99978,966.3646,-196.117
966.4727,99.99978,966.4727,-196.131
966.5809,99.99978,966.5809,-196.147
966.6891,99.99978,966.6891,-196.163
966.7973,99.99978,966.7973,-196.181
966.9055,99.99977,966.9055,-196.199
967.0138,99.99977,967.0138,-196.219
967.1221,99.99977,967.1221,-196.239
967.2304,99.99977,967.2304,-196.261
967.3387,99.99977,967.3387,-196.284
967.4471,99.99977,967.4471,-196.307
967.5555,99.99977,967.5555,-196.332
967.6639,99.99977,967.6639,-196.357
967.7723,99.99976,967.7723,-196.384
967.8808,99.99976,967.8808,-196.412
967.9892,99.99976,967.9892,-196.44
968.0977,99.99976,968.0977,-196.47
968.2063,99.99976,968.2063,-196.501
968.3148,99.99976,968.3148,-196.532
968.4234,99.99975,968.4234,-196.564
968.532,99.99975,968.532,-196.598
968.6406,99.99975,968.6406,-196.632
968.7493,99.99975,968.7493,-196.667
968.858,99.99975,968.858,-196.704
968.9667,99.99974,968.9667,-196.741
969.0754,99.99974,969.0754,-196.779
969.1842,99.99974,969.1842,-196.817
969.2929,99.99974,969.2929,-196.857
969.4017,99.99974,969.4017,-196.898
969.5106,99.99973,969.5106,-196.939
969.6194,99.99973,969.6194,-196.981
969.7283,99.99973,969.7283,-197.024
969.8372,99.99973,969.8372,-197.068
969.9461,99.99972,969.9461,-197.113
970.055,99.99972,970.055,-197.159
970.164,99.99972,970.164,-197.205
970.273,99.99972,970.273,-197.252
970.382,99.99971,970.382,-197.3
970.4911,99.99971,970.4911,-197.349
970.6001,99.99971,970.6001,-197.398
970.7092,99.99971,970.7092,-197.448
970.8183,99.9997,970.8183,-197.499
970.9275,99.9997,970.9275,-197.55
971.0367,99.9997,971.0367,-197.602
971.1458,99.99969,971.1458,-197.655
971.2551,99.99969,971.2551,-197.709
971.3643,99.99969,971.3643,-197.763
971.4736,99.99968,971.4736,-197.818
971.5829,99.99968,971.5829,-197.873
971.6922,99.99968,971.6922,-197.929
971.8015,99.99967,971.8015,-197.986
971.9109,99.99967,971.9109,-198.043
972.0203,99.99967,972.0203,-198.101
972.1297,99.99966,972.1297,-198.159
972.2391,99.99966,972.2391,-198.218
972.3486,99.99965,972.3486,-198.277
972.4581,99.99965,972.4581,-198.337
972.5676,99.99965,972.5676,-198.397
972.6771,99.99964,972.6771,-198.458
972.7867,99.99964,972.7867,-198.519
972.8962,99.99963,972.8962,-198.58
973.0059,99.99963,973.0059,-198.642
973.1155,99.99962,973.1155,-198.705
973.2252,99.99962,973.2252,-198.768
973.3348,99.99961,973.3348,-198.831
973.4445,99.99961,973.4445,-198.894
973.5543,99.9996,973.5543,-198.958
973.664,99.9996,973.664,-199.022
973.7738,99.99959,973.7738,-199.087
973.8836,99.99959,973.8836,-199.151
973.9935,99.99958,973.9935,-199.216
974.1033,99.99958,974.1033,-199.282
974.2132,99.99957,974.2132,-199.347
974.3231,99.99956,974.3231,-199.413
974.433,99.99956,974.433,-199.479
974.543,99.99955,974.543,-199.545
974.653,99.99954,974.653,-199.611
974.763,99.99954,974.763,-199.677
974.873,99.99953,974.873,-199.743
974.9831,99.99952,974.9831,-199.81
975.0931,99.99952,975.0931,-199.876
975.2033,99.99951,975.2033,-199.943
975.3134,99.9995,975.3134,-200.01
975.4235,99.99949,975.4235,-200.076
975.5337,99.99949,975.5337,-200.143
975.6439,99.99948,975.6439,-200.21
975.7542,99.99947,975.7542,-200.276
975.8644,99.99946,975.8644,-200.343
975.9747,99.99945,975.9747,-200.409
976.085,99.99944,976.085,-200.475
976.1953,99.99943,976.1953,-200.542
976.3057,99.99942,976.3057,-200.608
976.4161,99.99941,976.4161,-200.674
976.5265,99.9994,976.5265,-200.739
976.6369,99.99939,976.6369,-200.805
976.7473,99.99938,976.7473,-200.87
976.8578,99.99937,976.8578,-200.935
976.9683,99.99936,976.9683,-201
977.0789,99.99935,977.0789,-201.065
977.1894,99.99934,977.1894,-201.129
977.3,99.99933,977.3,-201.193
977.4106,99.99932,977.4106,-201.256
977.5212,99.9993,977.5212,-201.32
977.6319,99.99929,977.6319,-201.383
977.7426,99.99928,977.7426,-201.445
977.8533,99.99927,977.8533,-201.507
977.964,99.99925,977.964,-201.569
978.0747,99.99924,978.0747,-201.63
978.1855,99.99922,978.1855,-201.69
978.2963,99.99921,978.2963,-201.75
978.4072,99.9992,978.4072,-201.81
978.518,99.99918,978.518,-201.869
978.6289,99.99917,978.6289,-201.928
978.7398,99.99915,978.7398,-201.986
978.8507,99.99914,978.8507,-202.043
978.9617,99.99912,978.9617,-202.1
979.0727,99.9991,979.0727,-202.156
979.1837,99.99909,979.1837,-202.211
979.2947,99.99907,979.2947,-202.266
979.4058,99.99905,979.4058,-202.321
979.5168,99.99903,979.5168,-202.374
979.6279,99.99902,979.6279,-202.427
979.7391,99.999,979.7391,-202.479
979.8502,99.99898,979.8502,-202.531
979.9614,99.99896,979.9614,-202.581
980.0726,99.99894,980.0726,-202.631
980.1839,99.99892,980.1839,-202.681
980.2951,99.9989,980.2951,-202.729
980.4064,99.99888,980.4064,-202.777
980.5177,99.99886,980.5177,-202.824
980.629,99.99884,980.629,-202.87
980.7404,99.99882,980.7404,-202.916
980.8518,99.9988,980.8518,-202.96
980.9632,99.99878,980.9632,-203.005
981.0746,99.99876,981.0746,-203.048
981.1861,99.99874,981.1861,-203.09
981.2976,99.99872,981.2976,-203.132
981.4091,99.9987,981.4091,-203.173
981.5206,99.99868,981.5206,-203.214
981.6322,99.99866,981.6322,-203.253
981.7438,99.99864,981.7438,-203.292
981.8554,99.99862,981.8554,-203.33
981.967,99.9986,981.967,-203.368
982.0787,99.99858,982.0787,-203.405
982.1904,99.99856,982.1904,-203.441
982.3021,99.99854,982.3021,-203.477
982.4138,99.99852,982.4138,-203.512
982.5256,99.99851,982.5256,-203.546
982.6374,99.99849,982.6374,-203.579
982.7492,99.99847,982.7492,-203.612
982.861,99.99845,982.861,-203.644
982.9729,99.99844,982.9729,-203.676
983.0848,99.99842,983.0848,-203.707
983.1967,99.99841,983.1967,-203.737
983.3087,99.99839,983.3087,-203.766
983.4206,99.99838,983.4206,-203.795
983.5326,99.99837,983.5326,-203.823
983.6446,99.99836,983.6446,-203.85
983.7567,99.99835,983.7567,-203.877
983.8688,99.99834,983.8688,-203.902
983.9809,99.99833,983.9809,-203.927
984.093,99.99832,984.093,-203.95
984.2051,99.99831,984.2051,-203.973
984.3173,99.99831,984.3173,-203.995
984.4295,99.9983,984.4295,-204.015
984.5417,99.9983,984.5417,-204.035
984.654,99.9983,984.654,-204.053
984.7662,99.9983,984.7662,-204.07
984.8785,99.9983,984.8785,-204.086
984.9909,99.9983,984.9909,-204.101
985.1032,99.9983,985.1032,-204.114
985.2156,99.9983,985.2156,-204.126
985.328,99.9983,985.328,-204.136
985.4404,99.99831,985.4404,-204.145
985.5529,99.99831,985.5529,-204.153
985.6654,99.99832,985.6654,-204.159
985.7779,99.99833,985.7779,-204.163
985.8904,99.99834,985.8904,-204.166
986.003,99.99835,986.003,-204.168
986.1156,99.99836,986.1156,-204.168
986.2282,99.99837,986.2282,-204.166
986.3408,99.99838,986.3408,-204.162
986.4535,99.99839,986.4535,-204.158
986.5661,99.9984,986.5661,-204.151
986.6789,99.99841,986.6789,-204.143
986.7916,99.99843,986.7916,-204.134
986.9044,99.99844,986.9044,-204.122
987.0171,99.99846,987.0171,-204.11
987.13,99.99847,987.13,-204.096
987.2428,99.99849,987.2428,-204.08
987.3557,99.9985,987.3557,-204.063
987.4686,99.99852,987.4686,-204.045
987.5815,99.99853,987.5815,-204.025
987.6944,99.99855,987.6944,-204.003
987.8074,99.99857,987.8074,-203.981
987.9204,99.99858,987.9204,-203.957
988.0334,99.9986,988.0334,-203.931
988.1465,99.99861,988.1465,-203.905
988.2595,99.99863,988.2595,-203.877
988.3726,99.99865,988.3726,-203.848
988.4858,99.99866,988.4858,-203.817
988.5989,99.99868,988.5989,-203.785
988.7121,99.9987,988.7121,-203.753
988.8253,99.99871,988.8253,-203.718
988.9385,99.99873,988.9385,-203.683
989.0518,99.99875,989.0518,-203.647
989.165,99.99876,989.165,-203.609
989.2784,99.99878,989.2784,-203.571
989.3917,99.9988,989.3917,-203.531
989.505,99.99881,989.505,-203.49
989.6184,99.99883,989.6184,-203.448
989.7318,99.99884,989.7318,-203.405
989.8453,99.99886,989.8453,-203.361
989.9587,99.99887,989.9587,-203.316
990.0722,99.99889,990.0722,-203.27
990.1857,99.9989,990.1857,-203.223
990.2993,99.99892,990.2993,-203.175
990.4128,99.99893,990.4128,-203.126
990.5264,99.99894,990.5264,-203.076
990.6401,99.99896,990.6401,-203.025
990.7537,99.99897,990.7537,-202.973
990.8674,99.99898,990.8674,-202.92
990.9811,99.999,990.9811,-202.867
991.0948,99.99901,991.0948,-202.812
991.2085,99.99902,991.2085,-202.757
991.3223,99.99903,991.3223,-202.7
991.4361,99.99905,991.4361,-202.643
991.5499,99.99906,991.5499,-202.585
991.6638,99.99907,991.6638,-202.527
991.7777,99.99908,991.7777,-202.467
991.8916,99.99909,991.8916,-202.407
992.0055,99.9991,992.0055,-202.345
992.1195,99.99911,992.1195,-202.284
992.2335,99.99912,992.2335,-202.221
992.3475,99.99913,992.3475,-202.158
992.4615,99.99914,992.4615,-202.094
992.5756,99.99915,992.5756,-202.029
992.6897,99.99916,992.6897,-201.963
992.8038,99.99917,992.8038,-201.897
992.9179,99.99918,992.9179,-201.831
993.0321,99.99919,993.0321,-201.763
993.1463,99.9992,993.1463,-201.695
993.2605,99.99921,993.2605,-201.627
993.3747,99.99921,993.3747,-201.558
993.489,99.99922,993.489,-201.488
993.6033,99.99923,993.6033,-201.418
993.7176,99.99924,993.7176,-201.347
993.832,99.99925,993.832,-201.276
993.9464,99.99925,993.9464,-201.205
994.0608,99.99926,994.0608,-201.133
994.1752,99.99927,994.1752,-201.06
994.2897,99.99927,994.2897,-200.987
994.4041,99.99928,994.4041,-200.914
994.5187,99.99929,994.5187,-200.84
994.6332,99.99929,994.6332,-200.766
994.7478,99.9993,994.7478,-200.692
994.8623,99.99931,994.8623,-200.617
994.977,99.99931,994.977,-200.543
995.0916,99.99932,995.0916,-200.467
995.2063,99.99932,995.2063,-200.392
995.321,99.99933,995.321,-200.316
995.4357,99.99933,995.4357,-200.241
995.5504,99.99934,995.5504,-200.165
995.6652,99.99934,995.6652,-200.089
995.78,99.99935,995.78,-200.013
995.8948,99.99935,995.8948,-199.936
996.0097,99.99936,996.0097,-199.86
996.1246,99.99936,996.1246,-199.784
996.2395,99.99937,996.2395,-199.707
996.3544,99.99937,996.3544,-199.631
996.4694,99.99938,996.4694,-199.555
996.5844,99.99938,996.5844,-199.478
996.6994,99.99939,996.6994,-199.402
996.8144,99.99939,996.8144,-199.326
996.9295,99.99939,996.9295,-199.25
997.0446,99.9994,997.0446,-199.174
997.1597,99.9994,997.1597,-199.098
997.2748,99.9994,997.2748,-199.023
997.39,99.99941,997.39,-198.948
997.5052,99.99941,997.5052,-198.872
997.6204,99.99941,997.6204,-198.798
997.7357,99.99942,997.7357,-198.723
997.851,99.99942,997.851,-198.649
997.9663,99.99942,997.9663,-198.575
998.0816,99.99943,998.0816,-198.502
998.1969,99.99943,998.1969,-198.429
998.3123,99.99943,998.3123,-198.356
998.4277,99.99943,998.4277,-198.284
998.5432,99.99944,998.5432,-198.212
998.6586,99.99944,998.6586,-198.141
998.7741,99.99944,998.7741,-198.07
998.8897,99.99944,998.8897,-198
999.0052,99.99944,999.0052,-197.931
999.1208,99.99945,999.1208,-197.862
999.2364,99.99945,999.2364,-197.793
999.352,99.99945,999.352,-197.725
999.4677,99.99945,999.4677,-197.658
999.5833,99.99945,999.5833,-197.592
999.699,99.99946,999.699,-197.526
999.8148,99.99946,999.8148,-197.461
999.9305,99.99946,999.9305,-197.397
1000.046,99.99946,1000.046,-197.333
1000.162,99.99946,1000.162,-197.27
1000.278,99.99946,1000.278,-197.209
1000.394,99.99946,1000.394,-197.148
1000.51,99.99947,1000.51,-197.087
1000.626,99.99947,1000.626,-197.028
1000.742,99.99947,1000.742,-196.97
1000.858,99.99947,1000.858,-196.912
1000.974,99.99947,1000.974,-196.856
1001.09,99.99947,1001.09,-196.8
1001.206,99.99947,1001.206,-196.746
1001.322,99.99947,1001.322,-196.692
1001.438,99.99947,1001.438,-196.64
1001.554,99.99947,1001.554,-196.588
1001.67,99.99947,1001.67,-196.538
1001.786,99.99947,1001.786,-196.488
1001.903,99.99947,1001.903,-196.44
1002.019,99.99947,1002.019,-196.393
1002.135,99.99947,1002.135,-196.347
1002.251,99.99947,1002.251,-196.302
1002.368,99.99947,1002.368,-196.259
1002.484,99.99947,1002.484,-196.216
1002.6,99.99947,1002.6,-196.175
1002.717,99.99947,1002.717,-196.135
1002.833,99.99947,1002.833,-196.097
1002.95,99.99947,1002.95,-196.059
1003.066,99.99947,1003.066,-196.023
1003.183,99.99947,1003.183,-195.988
1003.299,99.99947,1003.299,-195.955
1003.416,99.99947,1003.416,-195.922
1003.532,99.99947,1003.532,-195.892
1003.649,99.99947,1003.649,-195.862
1003.766,99.99947,1003.766,-195.834
1003.882,99.99947,1003.882,-195.807
1003.999,99.99947,1003.999,-195.782
1004.116,99.99947,1004.116,-195.758
1004.233,99.99947,1004.233,-195.735
1004.349,99.99947,1004.349,-195.714
1004.466,99.99946,1004.466,-195.694
1004.583,99.99946,1004.583,-195.676
1004.7,99.99946,1004.7,-195.659
1004.817,99.99946,1004.817,-195.644
1004.934,99.99946,1004.934,-195.63
1005.051,99.99946,1005.051,-195.618
1005.168,99.99946,1005.168,-195.607
1005.285,99.99946,1005.285,-195.598
1005.402,99.99945,1005.402,-195.59
1005.519,99.99945,1005.519,-195.583
1005.636,99.99945,1005.636,-195.578
1005.753,99.99945,1005.753,-195.575
1005.87,99.99945,1005.87,-195.573
1005.987,99.99944,1005.987,-195.573
1006.104,99.99944,1006.104,-195.574
1006.222,99.99944,1006.222,-195.577
1006.339,99.99944,1006.339,-195.581
1006.456,99.99944,1006.456,-195.587
1006.573,99.99943,1006.573,-195.595
1006.691,99.99943,1006.691,-195.604
1006.808,99.99943,1006.808,-195.614
1006.925,99.99943,1006.925,-195.626
1007.043,99.99942,1007.043,-195.64
1007.16,99.99942,1007.16,-195.655
1007.278,99.99942,1007.278,-195.672
1007.395,99.99941,1007.395,-195.69
1007.513,99.99941,1007.513,-195.71
1007.63,99.99941,1007.63,-195.732
1007.748,99.99941,1007.748,-195.754
1007.866,99.9994,1007.866,-195.779
1007.983,99.9994,1007.983,-195.805
1008.101,99.99939,1008.101,-195.832
1008.219,99.99939,1008.219,-195.861
1008.336,99.99939,1008.336,-195.892
1008.454,99.99938,1008.454,-195.924
1008.572,99.99938,1008.572,-195.957
1008.69,99.99938,1008.69,-195.992
1008.807,99.99937,1008.807,-196.029
1008.925,99.99937,1008.925,-196.067
1009.043,99.99936,1009.043,-196.106
1009.161,99.99936,1009.161,-196.147
1009.279,99.99935,1009.279,-196.189
1009.397,99.99935,1009.397,-196.233
1009.515,99.99935,1009.515,-196.278
1009.633,99.99934,1009.633,-196.325
1009.751,99.99934,1009.751,-196.373
1009.869,99.99933,1009.869,-196.422
1009.987,99.99933,1009.987,-196.473
1010.105,99.99932,1010.105,-196.525
1010.223,99.99931,1010.223,-196.578
1010.342,99.99931,1010.342,-196.633
1010.46,99.9993,1010.46,-196.689
1010.578,99.9993,1010.578,-196.746
1010.696,99.99929,1010.696,-196.805
1010.815,99.99929,1010.815,-196.865
1010.933,99.99928,1010.933,-196.926
1011.051,99.99927,1011.051,-196.988
1011.17,99.99927,1011.17,-197.052
1011.288,99.99926,1011.288,-197.116
1011.406,99.99925,1011.406,-197.182
1011.525,99.99925,1011.525,-197.249
1011.643,99.99924,1011.643,-197.317
1011.762,99.99923,1011.762,-197.386
1011.88,99.99922,1011.88,-197.457
1011.999,99.99922,1011.999,-197.528
1012.118,99.99921,1012.118,-197.6
1012.236,99.9992,1012.236,-197.674
1012.355,99.99919,1012.355,-197.748
1012.474,99.99918,1012.474,-197.823
1012.592,99.99917,1012.592,-197.899
1012.711,99.99917,1012.711,-197.976
1012.83,99.99916,1012.83,-198.054
1012.949,99.99915,1012.949,-198.133
1013.067,99.99914,1013.067,-198.213
1013.186,99.99913,1013.186,-198.294
1013.305,99.99912,1013.305,-198.375
1013.424,99.99911,1013.424,-198.457
1013.543,99.9991,1013.543,-198.54
1013.662,99.99909,1013.662,-198.623
1013.781,99.99907,1013.781,-198.707
1013.9,99.99906,1013.9,-198.792
1014.019,99.99905,1014.019,-198.877
1014.138,99.99904,1014.138,-198.963
1014.257,99.99903,1014.257,-199.05
1014.376,99.99902,1014.376,-199.137
1014.495,99.999,1014.495,-199.224
1014.615,99.99899,1014.615,-199.312
1014.734,99.99898,1014.734,-199.4
1014.853,99.99896,1014.853,-199.489
1014.972,99.99895,1014.972,-199.578
1015.092,99.99893,1015.092,-199.668
1015.211,99.99892,1015.211,-199.758
1015.33,99.9989,1015.33,-199.848
1015.45,99.99889,1015.45,-199.938
1015.569,99.99887,1015.569,-200.028
1015.689,99.99886,1015.689,-200.119
1015.808,99.99884,1015.808,-200.21
1015.928,99.99882,1015.928,-200.301
1016.047,99.9988,1016.047,-200.391
1016.167,99.99879,1016.167,-200.482
1016.286,99.99877,1016.286,-200.573
1016.406,99.99875,1016.406,-200.664
1016.525,99.99873,1016.525,-200.755
1016.645,99.99871,1016.645,-200.846
1016.765,99.99869,1016.765,-200.937
1016.884,99.99867,1016.884,-201.027
1017.004,99.99865,1017.004,-201.117
1017.124,99.99862,1017.124,-201.207
1017.244,99.9986,1017.244,-201.297
1017.364,99.99858,1017.364,-201.386
1017.484,99.99855,1017.484,-201.475
1017.603,99.99853,1017.603,-201.564
1017.723,99.9985,1017.723,-201.652
1017.843,99.99848,1017.843,-201.74
1017.963,99.99845,1017.963,-201.827
1018.083,99.99842,1018.083,-201.914
1018.203,99.99839,1018.203,-202
1018.323,99.99836,1018.323,-202.086
1018.443,99.99833,1018.443,-202.171
1018.564,99.9983,1018.564,-202.255
1018.684,99.99827,1018.684,-202.339
1018.804,99.99824,1018.804,-202.422
1018.924,99.9982,1018.924,-202.504
1019.044,99.99817,1019.044,-202.585
1019.165,99.99813,1019.165,-202.665
1019.285,99.9981,1019.285,-202.745
1019.405,99.99806,1019.405,-202.823
1019.525,99.99802,1019.525,-202.901
1019.646,99.99798,1019.646,-202.978
1019.766,99.99794,1019.766,-203.053
1019.887,99.99789,1019.887,-203.127
1020.007,99.99785,1020.007,-203.201
1020.128,99.9978,1020.128,-203.273
1020.248,99.99776,1020.248,-203.344
1020.369,99.99771,1020.369,-203.414
1020.489,99.99766,1020.489,-203.482
1020.61,99.99761,1020.61,-203.549
1020.73,99.99755,1020.73,-203.615
1020.851,99.9975,1020.851,-203.679
1020.972,99.99744,1020.972,-203.742
1021.092,99.99738,1021.092,-203.803
1021.213,99.99732,1021.213,-203.863
1021.334,99.99726,1021.334,-203.921
1021.455,99.9972,1021.455,-203.978
1021.576,99.99713,1021.576,-204.033
1021.696,99.99706,1021.696,-204.086
1021.817,99.99699,1021.817,-204.137
1021.938,99.99692,1021.938,-204.187
1022.059,99.99684,1022.059,-204.235
1022.18,99.99676,1022.18,-204.28
1022.301,99.99668,1022.301,-204.324
1022.422,99.9966,1022.422,-204.366
1022.543,99.99651,1022.543,-204.405
1022.664,99.99642,1022.664,-204.443
1022.785,99.99633,1022.785,-204.478
1022.907,99.99623,1022.907,-204.51
1023.028,99.99613,1023.028,-204.541
1023.149,99.99603,1023.149,-204.569
1023.27,99.99592,1023.27,-204.594
1023.391,99.99581,1023.391,-204.617
1023.513,99.9957,1023.513,-204.637
1023.634,99.99558,1023.634,-204.654
1023.755,99.99546,1023.755,-204.668
1023.877,99.99533,1023.877,-204.679
1023.998,99.9952,1023.998,-204.687
1024.12,99.99507,1024.12,-204.692
1024.241,99.99493,1024.241,-204.694
1024.362,99.99478,1024.362,-204.692
1024.484,99.99464,1024.484,-204.687
1024.606,99.99448,1024.606,-204.678
1024.727,99.99432,1024.727,-204.665
1024.849,99.99415,1024.849,-204.648
1024.97,99.99398,1024.97,-204.628
1025.092,99.99381,1025.092,-204.603
1025.214,99.99362,1025.214,-204.574
1025.335,99.99344,1025.335,-204.541
1025.457,99.99324,1025.457,-204.503
1025.579,99.99304,1025.579,-204.461
1025.701,99.99283,1025.701,-204.415
1025.823,99.99262,1025.823,-204.363
1025.944,99.9924,1025.944,-204.307
1026.066,99.99217,1026.066,-204.247
1026.188,99.99194,1026.188,-204.182
1026.31,99.9917,1026.31,-204.112
1026.432,99.99145,1026.432,-204.038
1026.554,99.9912,1026.554,-203.959
1026.676,99.99094,1026.676,-203.876
1026.798,99.99068,1026.798,-203.79
1026.92,99.99041,1026.92,-203.699
1027.042,99.99013,1027.042,-203.606
1027.165,99.98985,1027.165,-203.51
1027.287,99.98956,1027.287,-203.412
1027.409,99.98927,1027.409,-203.312
1027.531,99.98897,1027.531,-203.212
1027.653,99.98868,1027.653,-203.112
1027.776,99.98837,1027.776,-203.012
1027.898,99.98807,1027.898,-202.915
1028.02,99.98777,1028.02,-202.82
1028.143,99.98746,1028.143,-202.73
1028.265,99.98716,1028.265,-202.645
1028.388,99.98685,1028.388,-202.566
1028.51,99.98655,1028.51,-202.495
1028.633,99.98626,1028.633,-202.433
1028.755,99.98597,1028.755,-202.38
1028.878,99.98568,1028.878,-202.338
1029,99.98541,1029,-202.307
1029.123,99.98514,1029.123,-202.289
1029.246,99.98488,1029.246,-202.284
1029.368,99.98464,1029.368,-202.291
1029.491,99.9844,1029.491,-202.311
1029.614,99.98418,1029.614,-202.344
1029.736,99.98398,1029.736,-202.388
1029.859,99.98379,1029.859,-202.443
1029.982,99.98363,1029.982,-202.508
1030.105,99.98347,1030.105,-202.581
1030.228,99.98334,1030.228,-202.661
1030.351,99.98323,1030.351,-202.745
1030.474,99.98314,1030.474,-202.832
1030.597,99.98307,1030.597,-202.92
1030.72,99.98302,1030.72,-203.006
1030.843,99.98299,1030.843,-203.089
1030.966,99.98298,1030.966,-203.166
1031.089,99.98299,1031.089,-203.235
1031.212,99.98302,1031.212,-203.295
1031.335,99.98307,1031.335,-203.345
1031.458,99.98313,1031.458,-203.383
1031.581,99.98322,1031.581,-203.408
1031.705,99.98332,1031.705,-203.42
1031.828,99.98344,1031.828,-203.418
1031.951,99.98357,1031.951,-203.402
1032.075,99.98371,1032.075,-203.372
1032.198,99.98387,1032.198,-203.328
1032.321,99.98404,1032.321,-203.272
1032.445,99.98422,1032.445,-203.202
1032.568,99.98441,1032.568,-203.121
1032.692,99.9846,1032.692,-203.029
1032.815,99.98481,1032.815,-202.927
1032.939,99.98501,1032.939,-202.815
1033.062,99.98523,1033.062,-202.696
1033.186,99.98544,1033.186,-202.569
1033.309,99.98566,1033.309,-202.436
1033.433,99.98589,1033.433,-202.298
1033.557,99.98611,1033.557,-202.155
1033.68,99.98633,1033.68,-202.008
1033.804,99.98656,1033.804,-201.859
1033.928,99.98678,1033.928,-201.707
1034.052,99.987,1034.052,-201.554
1034.176,99.98722,1034.176,-201.4
1034.299,99.98744,1034.299,-201.245
1034.423,99.98766,1034.423,-201.09
1034.547,99.98787,1034.547,-200.935
1034.671,99.98808,1034.671,-200.78
1034.795,99.98829,1034.795,-200.627
1034.919,99.98849,1034.919,-200.474
1035.043,99.98869,1035.043,-200.323
1035.167,99.98889,1035.167,-200.174
1035.291,99.98908,1035.291,-200.026
1035.415,99.98927,1035.415,-199.879
1035.54,99.98945,1035.54,-199.735
1035.664,99.98963,1035.664,-199.592
1035.788,99.98981,1035.788,-199.451
1035.912,99.98998,1035.912,-199.312
1036.036,99.99015,1036.036,-199.175
1036.161,99.99031,1036.161,-199.04
1036.285,99.99047,1036.285,-198.907
1036.409,99.99063,1036.409,-198.776
1036.534,99.99078,1036.534,-198.647
1036.658,99.99093,1036.658,-198.52
1036.783,99.99107,1036.783,-198.395
1036.907,99.99121,1036.907,-198.272
1037.032,99.99135,1037.032,-198.151
1037.156,99.99148,1037.156,-198.032
1037.281,99.99161,1037.281,-197.915
1037.405,99.99173,1037.405,-197.8
1037.53,99.99185,1037.53,-197.687
1037.655,99.99197,1037.655,-197.575
1037.779,99.99209,1037.779,-197.466
1037.904,99.9922,1037.904,-197.358
1038.029,99.99231,1038.029,-197.253
1038.154,99.99241,1038.154,-197.149
1038.278,99.99251,1038.278,-197.047
1038.403,99.99261,1038.403,-196.947
1038.528,99.99271,1038.528,-196.85
1038.653,99.9928,1038.653,-196.754
1038.778,99.99289,1038.778,-196.66
1038.903,99.99298,1038.903,-196.567
1039.028,99.99307,1039.028,-196.477
1039.153,99.99315,1039.153,-196.389
1039.278,99.99323,1039.278,-196.303
1039.403,99.99331,1039.403,-196.219
1039.528,99.99338,1039.528,-196.137
1039.653,99.99346,1039.653,-196.056
1039.778,99.99353,1039.778,-195.978
1039.904,99.9936,1039.904,-195.902
1040.029,99.99366,1040.029,-195.829
1040.154,99.99373,1040.154,-195.757
1040.279,99.99379,1040.279,-195.687
1040.405,99.99385,1040.405,-195.62
1040.53,99.99391,1040.53,-195.554
1040.656,99.99397,1040.656,-195.491
1040.781,99.99402,1040.781,-195.43
1040.906,99.99408,1040.906,-195.371
1041.032,99.99413,1041.032,-195.315
1041.157,99.99418,1041.157,-195.261
1041.283,99.99423,1041.283,-195.209
1041.408,99.99428,1041.408,-195.159
1041.534,99.99432,1041.534,-195.112
1041.66,99.99437,1041.66,-195.067
1041.785,99.99441,1041.785,-195.025
1041.911,99.99445,1041.911,-194.985
1042.037,99.99449,1042.037,-194.947
1042.162,99.99453,1042.162,-194.912
1042.288,99.99457,1042.288,-194.879
1042.414,99.9946,1042.414,-194.849
1042.54,99.99464,1042.54,-194.821
1042.666,99.99467,1042.666,-194.796
1042.792,99.9947,1042.792,-194.773
1042.918,99.99474,1042.918,-194.753
1043.043,99.99477,1043.043,-194.735
1043.169,99.99479,1043.169,-194.72
1043.295,99.99482,1043.295,-194.707
1043.422,99.99485,1043.422,-194.697
1043.548,99.99487,1043.548,-194.69
1043.674,99.9949,1043.674,-194.685
1043.8,99.99492,1043.8,-194.682
1043.926,99.99495,1043.926,-194.683
1044.052,99.99497,1044.052,-194.686
1044.178,99.99499,1044.178,-194.691
1044.305,99.99501,1044.305,-194.699
1044.431,99.99503,1044.431,-194.71
1044.557,99.99504,1044.557,-194.724
1044.684,99.99506,1044.684,-194.74
1044.81,99.99508,1044.81,-194.758
1044.936,99.99509,1044.936,-194.78
1045.063,99.99511,1045.063,-194.803
1045.189,99.99512,1045.189,-194.83
1045.316,99.99513,1045.316,-194.859
1045.442,99.99514,1045.442,-194.891
1045.569,99.99515,1045.569,-194.925
1045.696,99.99516,1045.696,-194.962
1045.822,99.99517,1045.822,-195.001
1045.949,99.99518,1045.949,-195.043
1046.076,99.99519,1046.076,-195.087
1046.202,99.9952,1046.202,-195.134
1046.329,99.9952,1046.329,-195.184
1046.456,99.99521,1046.456,-195.236
1046.583,99.99521,1046.583,-195.29
1046.709,99.99522,1046.709,-195.347
1046.836,99.99522,1046.836,-195.406
1046.963,99.99522,1046.963,-195.468
1047.09,99.99522,1047.09,-195.532
1047.217,99.99523,1047.217,-195.598
1047.344,99.99523,1047.344,-195.667
1047.471,99.99523,1047.471,-195.738
1047.598,99.99522,1047.598,-195.811
1047.725,99.99522,1047.725,-195.887
1047.852,99.99522,1047.852,-195.965
1047.98,99.99522,1047.98,-196.044
1048.107,99.99521,1048.107,-196.126
1048.234,99.99521,1048.234,-196.211
1048.361,99.9952,1048.361,-196.297
1048.489,99.9952,1048.489,-196.385
1048.616,99.99519,1048.616,-196.475
1048.743,99.99518,1048.743,-196.567
1048.871,99.99517,1048.871,-196.661
1048.998,99.99516,1048.998,-196.757
1049.125,99.99516,1049.125,-196.855
1049.253,99.99515,1049.253,-196.954
1049.38,99.99513,1049.38,-197.056
1049.508,99.99512,1049.508,-197.158
1049.635,99.99511,1049.635,-197.263
1049.763,99.9951,1049.763,-197.369
1049.891,99.99508,1049.891,-197.477
1050.018,99.99507,1050.018,-197.586
1050.146,99.99505,1050.146,-197.696
1050.274,99.99504,1050.274,-197.808
1050.401,99.99502,1050.401,-197.921
1050.529,99.995,1050.529,-198.036
1050.657,99.99499,1050.657,-198.152
1050.785,99.99497,1050.785,-198.269
1050.913,99.99495,1050.913,-198.386
1051.041,99.99493,1051.041,-198.505
1051.168,99.99491,1051.168,-198.625
1051.296,99.99489,1051.296,-198.746
1051.424,99.99486,1051.424,-198.868
1051.552,99.99484,1051.552,-198.99
1051.68,99.99482,1051.68,-199.114
1051.809,99.99479,1051.809,-199.238
1051.937,99.99477,1051.937,-199.362
1052.065,99.99474,1052.065,-199.487
1052.193,99.99471,1052.193,-199.612
1052.321,99.99468,1052.321,-199.738
1052.449,99.99466,1052.449,-199.865
1052.578,99.99463,1052.578,-199.991
1052.706,99.9946,1052.706,-200.118
1052.834,99.99456,1052.834,-200.245
1052.963,99.99453,1052.963,-200.371
1053.091,99.9945,1053.091,-200.498
1053.22,99.99447,1053.22,-200.625
1053.348,99.99443,1053.348,-200.752
1053.476,99.9944,1053.476,-200.878
1053.605,99.99436,1053.605,-201.004
1053.734,99.99432,1053.734,-201.13
1053.862,99.99429,1053.862,-201.255
1053.991,99.99425,1053.991,-201.38
1054.119,99.99421,1054.119,-201.504
1054.248,99.99417,1054.248,-201.628
1054.377,99.99412,1054.377,-201.751
1054.505,99.99408,1054.505,-201.873
1054.634,99.99404,1054.634,-201.994
1054.763,99.99399,1054.763,-202.115
1054.892,99.99395,1054.892,-202.234
1055.021,99.9939,1055.021,-202.352
1055.15,99.99385,1055.15,-202.469
1055.279,99.99381,1055.279,-202.585
1055.408,99.99376,1055.408,-202.7
1055.537,99.99371,1055.537,-202.813
1055.666,99.99365,1055.666,-202.925
1055.795,99.9936,1055.795,-203.035
1055.924,99.99355,1055.924,-203.144
1056.053,99.99349,1056.053,-203.251
1056.182,99.99344,1056.182,-203.357
1056.311,99.99338,1056.311,-203.461
1056.44,99.99332,1056.44,-203.562
1056.57,99.99327,1056.57,-203.662
1056.699,99.99321,1056.699,-203.76
1056.828,99.99314,1056.828,-203.856
1056.958,99.99308,1056.958,-203.95
1057.087,99.99302,1057.087,-204.042
1057.216,99.99295,1057.216,-204.132
1057.346,99.99289,1057.346,-204.219
1057.475,99.99282,1057.475,-204.304
1057.605,99.99275,1057.605,-204.387
1057.734,99.99268,1057.734,-204.467
1057.864,99.99261,1057.864,-204.544
1057.993,99.99254,1057.993,-204.619
1058.123,99.99247,1058.123,-204.692
1058.253,99.9924,1058.253,-204.762
1058.382,99.99232,1058.382,-204.829
1058.512,99.99225,1058.512,-204.893
1058.642,99.99217,1058.642,-204.955
1058.772,99.99209,1058.772,-205.013
1058.901,99.99201,1058.901,-205.069
1059.031,99.99193,1059.031,-205.122
1059.161,99.99185,1059.161,-205.172
1059.291,99.99177,1059.291,-205.218
1059.421,99.99168,1059.421,-205.262
1059.551,99.9916,1059.551,-205.303
1059.681,99.99151,1059.681,-205.34
1059.811,99.99142,1059.811,-205.375
1059.941,99.99134,1059.941,-205.406
1060.071,99.99125,1060.071,-205.434
1060.201,99.99116,1060.201,-205.458
1060.331,99.99106,1060.331,-205.48
1060.462,99.99097,1060.462,-205.498
1060.592,99.99088,1060.592,-205.513
1060.722,99.99079,1060.722,-205.525
1060.852,99.99069,1060.852,-205.533
1060.983,99.99059,1060.983,-205.538
1061.113,99.9905,1061.113,-205.54
1061.244,99.9904,1061.244,-205.538
1061.374,99.9903,1061.374,-205.533
1061.504,99.9902,1061.504,-205.525
1061.635,99.9901,1061.635,-205.513
1061.765,99.99,1061.765,-205.498
1061.896,99.9899,1061.896,-205.48
1062.027,99.9898,1062.027,-205.458
1062.157,99.9897,1062.157,-205.434
1062.288,99.9896,1062.288,-205.405
1062.419,99.9895,1062.419,-205.374
1062.549,99.9894,1062.549,-205.34
1062.68,99.9893,1062.68,-205.302
1062.811,99.98919,1062.811,-205.262
1062.942,99.98909,1062.942,-205.218
1063.072,99.98899,1063.072,-205.171
1063.203,99.98889,1063.203,-205.121
1063.334,99.98879,1063.334,-205.068
1063.465,99.98869,1063.465,-205.012
1063.596,99.98859,1063.596,-204.954
1063.727,99.98849,1063.727,-204.892
1063.858,99.98839,1063.858,-204.828
1063.989,99.98829,1063.989,-204.761
1064.12,99.9882,1064.12,-204.692
1064.251,99.9881,1064.251,-204.619
1064.383,99.98801,1064.383,-204.544
1064.514,99.98792,1064.514,-204.467
1064.645,99.98782,1064.645,-204.387
1064.776,99.98774,1064.776,-204.305
1064.908,99.98765,1064.908,-204.221
1065.039,99.98756,1065.039,-204.134
1065.17,99.98748,1065.17,-204.045
1065.302,99.9874,1065.302,-203.954
1065.433,99.98732,1065.433,-203.861
1065.564,99.98724,1065.564,-203.765
1065.696,99.98717,1065.696,-203.668
1065.827,99.98709,1065.827,-203.569
1065.959,99.98702,1065.959,-203.468
1066.091,99.98696,1066.091,-203.365
1066.222,99.98689,1066.222,-203.26
1066.354,99.98683,1066.354,-203.153
1066.486,99.98678,1066.486,-203.045
1066.617,99.98672,1066.617,-202.935
1066.749,99.98667,1066.749,-202.824
1066.881,99.98662,1066.881,-202.71
1067.013,99.98658,1067.013,-202.596
1067.144,99.98654,1067.144,-202.479
1067.276,99.9865,1067.276,-202.362
1067.408,99.98647,1067.408,-202.243
1067.54,99.98644,1067.54,-202.122
1067.672,99.98642,1067.672,-202
1067.804,99.9864,1067.804,-201.876
1067.936,99.98638,1067.936,-201.752
1068.068,99.98637,1068.068,-201.626
1068.2,99.98636,1068.2,-201.498
1068.333,99.98635,1068.333,-201.37
1068.465,99.98635,1068.465,-201.24
1068.597,99.98635,1068.597,-201.109
1068.729,99.98636,1068.729,-200.977
1068.861,99.98637,1068.861,-200.843
1068.994,99.98638,1068.994,-200.709
1069.126,99.9864,1069.126,-200.574
1069.258,99.98642,1069.258,-200.437
1069.391,99.98645,1069.391,-200.3
1069.523,99.98648,1069.523,-200.162
1069.656,99.98651,1069.656,-200.023
1069.788,99.98655,1069.788,-199.883
1069.921,99.98659,1069.921,-199.743
1070.053,99.98663,1070.053,-199.602
1070.186,99.98668,1070.186,-199.46
1070.319,99.98673,1070.319,-199.318
1070.451,99.98678,1070.451,-199.176
1070.584,99.98683,1070.584,-199.033
1070.717,99.98689,1070.717,-198.89
1070.849,99.98695,1070.849,-198.747
1070.982,99.98702,1070.982,-198.604
1071.115,99.98709,1071.115,-198.461
1071.248,99.98715,1071.248,-198.318
1071.381,99.98723,1071.381,-198.176
1071.514,99.9873,1071.514,-198.034
1071.647,99.98738,1071.647,-197.892
1071.78,99.98745,1071.78,-197.751
1071.913,99.98753,1071.913,-197.611
1072.046,99.98762,1072.046,-197.471
1072.179,99.9877,1072.179,-197.333
1072.312,99.98778,1072.312,-197.195
1072.445,99.98787,1072.445,-197.059
1072.578,99.98796,1072.578,-196.924
1072.711,99.98805,1072.711,-196.791
1072.845,99.98813,1072.845,-196.659
1072.978,99.98823,1072.978,-196.529
1073.111,99.98832,1073.111,-196.401
1073.245,99.98841,1073.245,-196.274
1073.378,99.9885,1073.378,-196.15
1073.511,99.9886,1073.511,-196.028
1073.645,99.98869,1073.645,-195.908
1073.778,99.98878,1073.778,-195.79
1073.912,99.98888,1073.912,-195.676
1074.046,99.98897,1074.046,-195.563
1074.179,99.98907,1074.179,-195.454
1074.313,99.98916,1074.313,-195.347
1074.446,99.98926,1074.446,-195.243
1074.58,99.98935,1074.58,-195.142
1074.714,99.98945,1074.714,-195.044
1074.848,99.98954,1074.848,-194.95
1074.981,99.98964,1074.981,-194.859
1075.115,99.98973,1075.115,-194.771
1075.249,99.98982,1075.249,-194.687
1075.383,99.98992,1075.383,-194.607
1075.517,99.99001,1075.517,-194.53
1075.651,99.9901,1075.651,-194.457
1075.785,99.99019,1075.785,-194.387
1075.919,99.99028,1075.919,-194.322
1076.053,99.99037,1076.053,-194.261
1076.187,99.99046,1076.187,-194.203
1076.321,99.99055,1076.321,-194.15
1076.455,99.99064,1076.455,-194.101
1076.589,99.99073,1076.589,-194.056
1076.724,99.99081,1076.724,-194.015
1076.858,99.9909,1076.858,-193.979
1076.992,99.99098,1076.992,-193.947
1077.126,99.99107,1077.126,-193.92
1077.261,99.99115,1077.261,-193.897
1077.395,99.99123,1077.395,-193.878
1077.53,99.99131,1077.53,-193.864
1077.664,99.99139,1077.664,-193.855
1077.799,99.99147,1077.799,-193.85
1077.933,99.99155,1077.933,-193.849
1078.068,99.99163,1078.068,-193.854
1078.202,99.9917,1078.202,-193.862
1078.337,99.99178,1078.337,-193.876
1078.472,99.99185,1078.472,-193.894
1078.606,99.99193,1078.606,-193.917
1078.741,99.992,1078.741,-193.944
1078.876,99.99207,1078.876,-193.976
1079.01,99.99214,1079.01,-194.013
1079.145,99.99221,1079.145,-194.054
1079.28,99.99228,1079.28,-194.1
1079.415,99.99234,1079.415,-194.151
1079.55,99.99241,1079.55,-194.206
1079.685,99.99248,1079.685,-194.266
1079.82,99.99254,1079.82,-194.33
1079.955,99.9926,1079.955,-194.398
1080.09,99.99267,1080.09,-194.472
1080.225,99.99273,1080.225,-194.549
1080.36,99.99279,1080.36,-194.631
1080.495,99.99285,1080.495,-194.717
1080.631,99.99291,1080.631,-194.808
1080.766,99.99297,1080.766,-194.902
1080.901,99.99302,1080.901,-195.001
1081.036,99.99308,1081.036,-195.104
1081.172,99.99313,1081.172,-195.211
1081.307,99.99319,1081.307,-195.322
1081.443,99.99324,1081.443,-195.437
1081.578,99.99329,1081.578,-195.556
1081.713,99.99335,1081.713,-195.679
1081.849,99.9934,1081.849,-195.805
1081.984,99.99345,1081.984,-195.935
1082.12,99.9935,1082.12,-196.068
1082.256,99.99354,1082.256,-196.205
1082.391,99.99359,1082.391,-196.345
1082.527,99.99364,1082.527,-196.489
1082.663,99.99368,1082.663,-196.635
1082.798,99.99373,1082.798,-196.785
1082.934,99.99377,1082.934,-196.937
1083.07,99.99382,1083.07,-197.093
1083.206,99.99386,1083.206,-197.251
1083.342,99.9939,1083.342,-197.411
1083.478,99.99394,1083.478,-197.575
1083.614,99.99398,1083.614,-197.74
1083.75,99.99402,1083.75,-197.908
1083.886,99.99406,1083.886,-198.078
1084.022,99.9941,1084.022,-198.25
1084.158,99.99414,1084.158,-198.424
1084.294,99.99418,1084.294,-198.599
1084.43,99.99421,1084.43,-198.777
1084.566,99.99425,1084.566,-198.955
1084.702,99.99428,1084.702,-199.136
1084.839,99.99432,1084.839,-199.317
1084.975,99.99435,1084.975,-199.499
1085.111,99.99438,1085.111,-199.683
1085.248,99.99442,1085.248,-199.867
1085.384,99.99445,1085.384,-200.051
1085.52,99.99448,1085.52,-200.237
1085.657,99.99451,1085.657,-200.422
1085.793,99.99454,1085.793,-200.608
1085.93,99.99457,1085.93,-200.794
1086.066,99.9946,1086.066,-200.98
1086.203,99.99463,1086.203,-201.165
1086.34,99.99465,1086.34,-201.35
1086.476,99.99468,1086.476,-201.535
1086.613,99.99471,1086.613,-201.719
1086.75,99.99473,1086.75,-201.902
1086.886,99.99476,1086.886,-202.084
1087.023,99.99479,1087.023,-202.264
1087.16,99.99481,1087.16,-202.444
1087.297,99.99483,1087.297,-202.622
1087.434,99.99486,1087.434,-202.798
1087.571,99.99488,1087.571,-202.973
1087.708,99.9949,1087.708,-203.145
1087.845,99.99492,1087.845,-203.316
1087.982,99.99495,1087.982,-203.484
1088.119,99.99497,1088.119,-203.649
1088.256,99.99499,1088.256,-203.812
1088.393,99.99501,1088.393,-203.973
1088.53,99.99503,1088.53,-204.13
1088.668,99.99505,1088.668,-204.285
1088.805,99.99507,1088.805,-204.436
1088.942,99.99508,1088.942,-204.584
1089.079,99.9951,1089.079,-204.729
1089.217,99.99512,1089.217,-204.87
1089.354,99.99514,1089.354,-205.007
1089.492,99.99515,1089.492,-205.14
1089.629,99.99517,1089.629,-205.269
1089.767,99.99518,1089.767,-205.394
1089.904,99.9952,1089.904,-205.515
1090.042,99.99521,1090.042,-205.631
1090.179,99.99523,1090.179,-205.743
1090.317,99.99524,1090.317,-205.85
1090.455,99.99526,1090.455,-205.953
1090.592,99.99527,1090.592,-206.05
1090.73,99.99528,1090.73,-206.142
1090.868,99.9953,1090.868,-206.23
1091.006,99.99531,1091.006,-206.312
1091.143,99.99532,1091.143,-206.388
1091.281,99.99533,1091.281,-206.459
1091.419,99.99534,1091.419,-206.525
1091.557,99.99535,1091.557,-206.585
1091.695,99.99536,1091.695,-206.639
1091.833,99.99537,1091.833,-206.687
1091.971,99.99538,1091.971,-206.73
1092.109,99.99539,1092.109,-206.766
1092.247,99.9954,1092.247,-206.797
1092.386,99.99541,1092.386,-206.821
1092.524,99.99542,1092.524,-206.839
1092.662,99.99543,1092.662,-206.851
1092.8,99.99543,1092.8,-206.857
1092.938,99.99544,1092.938,-206.856
1093.077,99.99545,1093.077,-206.849
1093.215,99.99546,1093.215,-206.836
1093.354,99.99546,1093.354,-206.816
1093.492,99.99547,1093.492,-206.79
1093.63,99.99547,1093.63,-206.757
1093.769,99.99548,1093.769,-206.718
1093.908,99.99548,1093.908,-206.672
1094.046,99.99549,1094.046,-206.62
1094.185,99.99549,1094.185,-206.562
1094.323,99.9955,1094.323,-206.497
1094.462,99.9955,1094.462,-206.425
1094.601,99.9955,1094.601,-206.347
1094.74,99.99551,1094.74,-206.263
1094.878,99.99551,1094.878,-206.172
1095.017,99.99551,1095.017,-206.075
1095.156,99.99551,1095.156,-205.972
1095.295,99.99552,1095.295,-205.862
1095.434,99.99552,1095.434,-205.747
1095.573,99.99552,1095.573,-205.625
1095.712,99.99552,1095.712,-205.497
1095.851,99.99552,1095.851,-205.364
1095.99,99.99552,1095.99,-205.224
1096.129,99.99552,1096.129,-205.079
1096.268,99.99552,1096.268,-204.929
1096.407,99.99552,1096.407,-204.772
1096.546,99.99552,1096.546,-204.611
1096.686,99.99552,1096.686,-204.444
1096.825,99.99552,1096.825,-204.272
1096.964,99.99551,1096.964,-204.094
1097.104,99.99551,1097.104,-203.912
1097.243,99.99551,1097.243,-203.726
1097.382,99.99551,1097.382,-203.534
1097.522,99.9955,1097.522,-203.338
1097.661,99.9955,1097.661,-203.138
1097.801,99.9955,1097.801,-202.934
1097.941,99.99549,1097.941,-202.726
1098.08,99.99549,1098.08,-202.514
1098.22,99.99549,1098.22,-202.299
1098.359,99.99548,1098.359,-202.08
1098.499,99.99548,1098.499,-201.858
1098.639,99.99547,1098.639,-201.634
1098.779,99.99547,1098.779,-201.406
1098.918,99.99546,1098.918,-201.176
1099.058,99.99545,1099.058,-200.944
1099.198,99.99545,1099.198,-200.709
1099.338,99.99544,1099.338,-200.473
1099.478,99.99543,1099.478,-200.235
1099.618,99.99543,1099.618,-199.996
1099.758,99.99542,1099.758,-199.755
1099.898,99.99541,1099.898,-199.514
1100.038,99.9954,1100.038,-199.272
1100.178,99.99539,1100.178,-199.03
1100.319,99.99538,1100.319,-198.787
1100.459,99.99537,1100.459,-198.545
1100.599,99.99536,1100.599,-198.303
1100.739,99.99535,1100.739,-198.062
1100.88,99.99534,1100.88,-197.821
1101.02,99.99533,1101.02,-197.582
1101.16,99.99532,1101.16,-197.344
1101.301,99.99531,1101.301,-197.108
1101.441,99.9953,1101.441,-196.875
1101.582,99.99529,1101.582,-196.643
1101.722,99.99528,1101.722,-196.414
1101.863,99.99526,1101.863,-196.188
1102.003,99.99525,1102.003,-195.965
1102.144,99.99524,1102.144,-195.745
1102.285,99.99522,1102.285,-195.529
1102.425,99.99521,1102.425,-195.317
1102.566,99.9952,1102.566,-195.109
1102.707,99.99518,1102.707,-194.906
1102.848,99.99517,1102.848,-194.707
1102.989,99.99515,1102.989,-194.514
1103.129,99.99514,1103.129,-194.326
1103.27,99.99512,1103.27,-194.143
1103.411,99.9951,1103.411,-193.967
1103.552,99.99509,1103.552,-193.796
1103.693,99.99507,1103.693,-193.632
1103.834,99.99505,1103.834,-193.475
1103.975,99.99504,1103.975,-193.324
1104.117,99.99502,1104.117,-193.181
1104.258,99.995,1104.258,-193.045
1104.399,99.99498,1104.399,-192.916
1104.54,99.99496,1104.54,-192.796
1104.682,99.99494,1104.682,-192.683
1104.823,99.99492,1104.823,-192.579
1104.964,99.9949,1104.964,-192.483
1105.106,99.99488,1105.106,-192.396
1105.247,99.99486,1105.247,-192.318
1105.388,99.99484,1105.388,-192.249
1105.53,99.99482,1105.53,-192.189
1105.671,99.99479,1105.671,-192.139
1105.813,99.99477,1105.813,-192.098
1105.955,99.99475,1105.955,-192.067
1106.096,99.99472,1106.096,-192.046
1106.238,99.9947,1106.238,-192.035
1106.38,99.99468,1106.38,-192.035
1106.521,99.99465,1106.521,-192.044
1106.663,99.99462,1106.663,-192.064
1106.805,99.9946,1106.805,-192.094
1106.947,99.99457,1106.947,-192.135
1107.089,99.99455,1107.089,-192.187
1107.231,99.99452,1107.231,-192.249
1107.373,99.99449,1107.373,-192.322
1107.515,99.99446,1107.515,-192.406
1107.657,99.99443,1107.657,-192.501
1107.799,99.9944,1107.799,-192.606
1107.941,99.99437,1107.941,-192.722
1108.083,99.99434,1108.083,-192.849
1108.225,99.99431,1108.225,-192.987
1108.368,99.99428,1108.368,-193.135
1108.51,99.99425,1108.51,-193.294
1108.652,99.99422,1108.652,-193.464
1108.794,99.99418,1108.794,-193.643
1108.937,99.99415,1108.937,-193.834
1109.079,99.99412,1109.079,-194.034
1109.222,99.99408,1109.222,-194.245
1109.364,99.99405,1109.364,-194.465
1109.507,99.99401,1109.507,-194.695
1109.649,99.99397,1109.649,-194.934
1109.792,99.99394,1109.792,-195.183
1109.934,99.9939,1109.934,-195.441
1110.077,99.99386,1110.077,-195.708
1110.22,99.99382,1110.22,-195.983
1110.363,99.99378,1110.363,-196.267
1110.505,99.99374,1110.505,-196.558
1110.648,99.9937,1110.648,-196.857
1110.791,99.99366,1110.791,-197.164
1110.934,99.99362,1110.934,-197.478
1111.077,99.99357,1111.077,-197.798
1111.22,99.99353,1111.22,-198.124
1111.363,99.99348,1111.363,-198.457
1111.506,99.99344,1111.506,-198.795
1111.649,99.99339,1111.649,-199.137
1111.792,99.99335,1111.792,-199.485
1111.935,99.9933,1111.935,-199.836
1112.078,99.99325,1112.078,-200.191
1112.222,99.9932,1112.222,-200.55
1112.365,99.99315,1112.365,-200.911
1112.508,99.9931,1112.508,-201.273
1112.651,99.99305,1112.651,-201.638
1112.795,99.993,1112.795,-202.003
1112.938,99.99294,1112.938,-202.369
1113.082,99.99289,1113.082,-202.735
1113.225,99.99283,1113.225,-203.1
1113.369,99.99278,1113.369,-203.463
1113.512,99.99272,1113.512,-203.824
1113.656,99.99266,1113.656,-204.183
1113.799,99.9926,1113.799,-204.538
1113.943,99.99254,1113.943,-204.889
1114.087,99.99248,1114.087,-205.236
1114.23,99.99242,1114.23,-205.577
1114.374,99.99236,1114.374,-205.912
1114.518,99.99229,1114.518,-206.241
1114.662,99.99223,1114.662,-206.562
1114.806,99.99216,1114.806,-206.874
1114.95,99.99209,1114.95,-207.178
1115.094,99.99203,1115.094,-207.472
1115.238,99.99196,1115.238,-207.756
1115.382,99.99188,1115.382,-208.028
1115.526,99.99181,1115.526,-208.289
1115.67,99.99174,1115.67,-208.537
1115.814,99.99166,1115.814,-208.772
1115.958,99.99159,1115.958,-208.992
1116.102,99.99151,1116.102,-209.198
1116.247,99.99143,1116.247,-209.389
1116.391,99.99135,1116.391,-209.563
1116.535,99.99127,1116.535,-209.72
1116.68,99.99119,1116.68,-209.859
1116.824,99.9911,1116.824,-209.98
1116.968,99.99102,1116.968,-210.082
1117.113,99.99093,1117.113,-210.164
1117.257,99.99084,1117.257,-210.225
1117.402,99.99075,1117.402,-210.266
1117.547,99.99066,1117.547,-210.285
1117.691,99.99057,1117.691,-210.282
1117.836,99.99047,1117.836,-210.256
1117.981,99.99037,1117.981,-210.206
1118.125,99.99028,1118.125,-210.133
1118.27,99.99018,1118.27,-210.035
1118.415,99.99007,1118.415,-209.912
1118.56,99.98997,1118.56,-209.764
1118.705,99.98986,1118.705,-209.59
1118.85,99.98975,1118.85,-209.391
1118.995,99.98964,1118.995,-209.165
1119.14,99.98953,1119.14,-208.912
1119.285,99.98942,1119.285,-208.633
1119.43,99.9893,1119.43,-208.327
1119.575,99.98918,1119.575,-207.994
1119.72,99.98906,1119.72,-207.634
1119.865,99.98894,1119.865,-207.247
1120.01,99.98882,1120.01,-206.832
1120.156,99.98869,1120.156,-206.391
1120.301,99.98856,1120.301,-205.924
1120.446,99.98843,1120.446,-205.43
1120.592,99.98829,1120.592,-204.911
1120.737,99.98815,1120.737,-204.366
1120.883,99.98801,1120.883,-203.796
1121.028,99.98787,1121.028,-203.202
1121.174,99.98772,1121.174,-202.584
1121.319,99.98757,1121.319,-201.945
1121.465,99.98742,1121.465,-201.283
1121.61,99.98727,1121.61,-200.601
1121.756,99.98711,1121.756,-199.9
1121.902,99.98695,1121.902,-199.18
1122.048,99.98678,1122.048,-198.444
1122.193,99.98662,1122.193,-197.694
1122.339,99.98645,1122.339,-196.93
1122.485,99.98627,1122.485,-196.154
1122.631,99.98609,1122.631,-195.369
1122.777,99.98591,1122.777,-194.578
1122.923,99.98573,1122.923,-193.781
1123.069,99.98554,1123.069,-192.982
1123.215,99.98534,1123.215,-192.184
1123.361,99.98515,1123.361,-191.388
1123.507,99.98494,1123.507,-190.6
1123.653,99.98474,1123.653,-189.821
1123.8,99.98453,1123.8,-189.056
1123.946,99.98431,1123.946,-188.308
1124.092,99.98409,1124.092,-187.58
1124.238,99.98387,1124.238,-186.879
1124.385,99.98364,1124.385,-186.207
1124.531,99.9834,1124.531,-185.57
1124.678,99.98316,1124.678,-184.972
1124.824,99.98292,1124.824,-184.42
1124.971,99.98266,1124.971,-183.918
1125.117,99.98241,1125.117,-183.473
1125.264,99.98215,1125.264,-183.092
1125.41,99.98188,1125.41,-182.78
1125.557,99.9816,1125.557,-182.544
1125.704,99.98132,1125.704,-182.393
1125.851,99.98103,1125.851,-182.334
1125.997,99.98074,1125.997,-182.375
1126.144,99.98043,1126.144,-182.526
1126.291,99.98012,1126.291,-182.794
1126.438,99.97981,1126.438,-183.19
1126.585,99.97948,1126.585,-183.724
1126.732,99.97915,1126.732,-184.407
1126.879,99.97881,1126.879,-185.25
1127.026,99.97846,1127.026,-186.264
1127.173,99.9781,1127.173,-187.463
1127.32,99.97773,1127.32,-188.859
1127.467,99.97735,1127.467,-190.466
1127.615,99.97697,1127.615,-192.299
1127.762,99.97657,1127.762,-194.372
1127.909,99.97616,1127.909,-196.703
1128.056,99.97574,1128.056,-199.307
1128.204,99.97531,1128.204,-202.204
1128.351,99.97487,1128.351,-205.411
1128.499,99.97442,1128.499,-208.948
1128.646,99.97395,1128.646,-212.836
1128.794,99.97348,1128.794,-217.098
1128.941,99.97298,1128.941,-221.756
1129.089,99.97248,1129.089,-226.834
1129.236,99.97196,1129.236,-232.36
1129.384,99.97142,1129.384,-238.359
1129.532,99.97087,1129.532,-244.86
1129.68,99.9703,1129.68,-251.894
1129.827,99.96972,1129.827,-259.492
1129.975,99.96912,1129.975,-267.689
1130.123,99.9685,1130.123,-276.521
1130.271,99.96786,1130.271,-286.024
1130.419,99.9672,1130.419,-296.24
1130.567,99.96653,1130.567,-307.21
1130.715,99.96583,1130.715,-318.981
1130.863,99.9651,1130.863,-331.598
1131.011,99.96436,1131.011,-345.114
1131.159,99.96359,1131.159,-359.582
1131.307,99.9628,1131.307,-375.058
1131.456,99.96198,1131.456,-391.604
1131.604,99.96113,1131.604,-409.285
1131.752,99.96025,1131.752,-428.169
1131.9,99.95935,1131.9,-448.33
1132.049,99.95841,1132.049,-469.845
1132.197,99.95744,1132.197,-492.798
1132.346,99.95643,1132.346,-517.279
1132.494,99.95539,1132.494,-543.383
1132.643,99.95431,1132.643,-571.211
1132.791,99.95319,1132.791,-600.873
1132.94,99.95203,1132.94,-632.485
1133.088,99.95083,1133.088,-666.174
1133.237,99.94958,1133.237,-702.074
1133.386,99.94828,1133.386,-740.33
1133.535,99.94693,1133.535,-781.097
1133.683,99.94553,1133.683,-824.544
1133.832,99.94407,1133.832,-870.852
1133.981,99.94256,1133.981,-920.214
1134.13,99.94098,1134.13,-972.843
1134.279,99.93933,1134.279,-1028.97
1134.428,99.93762,1134.428,-1088.83
1134.577,99.93583,1134.577,-1152.7
1134.726,99.93396,1134.726,-1220.87
1134.875,99.93201,1134.875,-1293.66
1135.024,99.92998,1135.024,-1371.4
1135.174,99.92785,1135.174,-1454.47
1135.323,99.92562,1135.323,-1543.28
1135.472,99.92329,1135.472,-1638.27
1135.621,99.92085,1135.621,-1739.92
1135.771,99.91829,1135.771,-1848.78
1135.92,99.9156,1135.92,-1965.42
1136.069,99.91278,1136.069,-2090.48
1136.219,99.90982,1136.219,-2224.66
1136.368,99.9067,1136.368,-2368.75
1136.518,99.90342,1136.518,-2523.6
1136.668,99.89997,1136.668,-2690.15
1136.817,99.89633,1136.817,-2869.44
1136.967,99.89248,1136.967,-3062.64
1137.117,99.88842,1137.117,-3271.03
1137.266,99.88413,1137.266,-3496.04
1137.416,99.87959,1137.416,-3739.26
1137.566,99.87477,1137.566,-4002.48
1137.716,99.86967,1137.716,-4287.69
1137.866,99.86425,1137.866,-4597.12
1138.016,99.85848,1138.016,-4933.27
1138.166,99.85235,1138.166,-5298.97
1138.316,99.84581,1138.316,-5697.41
1138.466,99.83883,1138.466,-6132.18
1138.616,99.83137,1138.616,-6607.38
1138.766,99.82339,1138.766,-7127.64
1138.916,99.81484,1138.916,-7698.26
1139.066,99.80565,1139.066,-8325.27
1139.216,99.79578,1139.216,-9015.6
1139.367,99.78515,1139.367,-9777.2
1139.517,99.77368,1139.517,-10619.2
1139.667,99.76128,1139.667,-11552.3
1139.818,99.74785,1139.818,-12588.7
1139.968,99.73328,1139.968,-13742.6
1140.119,99.71743,1140.119,-15030.9
1140.269,99.70016,1140.269,-16472.9
1140.42,99.6813,1140.42,-18091.6
1140.571,99.66064,1140.571,-19914.1
1140.721,99.63796,1140.721,-21972.5
1140.872,99.613,1140.872,-24304.8
1141.023,99.58544,1141.023,-26956.5
1141.173,99.55493,1141.173,-29982
1141.324,99.52104,1141.324,-33446.9
1141.475,99.48329,1141.475,-37430.1
1141.626,99.44107,1141.626,-42027.5
1141.777,99.3937,1141.777,-47355.5
1141.928,99.34035,1141.928,-53556.2
1142.079,99.28002,1142.079,-60803.4
1142.23,99.21153,1142.23,-69309.7
1142.381,99.13344,1142.381,-79335.8
1142.532,99.04403,1142.532,-91200.4
1142.683,98.9412,1142.683,-105292
1142.834,98.82244,1142.834,-122077
1142.986,98.6847,1142.986,-142110
1143.137,98.52436,1143.137,-166029
1143.288,98.3371,1143.288,-194528
1143.44,98.11796,1143.44,-228283
1143.591,97.86138,1143.591,-267796
1143.743,97.56162,1143.743,-313071
1143.894,97.21348,1143.894,-363054
1144.046,96.81389,1144.046,-414703
1144.197,96.3645,1144.197,-461694
1144.349,95.87566,1144.349,-493063
1144.5,95.37111,1144.5,-492845
1144.652,94.8917,1144.652,-442763
1144.804,94.49391,1144.804,-329942
1144.956,94.23908,1144.956,-158067
1145.107,94.1737,1145.107,46190.79
1145.259,94.31003,1145.259,241007.6
1145.411,94.62059,1145.411,389148.6
1145.563,95.05066,1145.563,473940.5
1145.715,95.53927,1145.715,500220.2
1145.867,96.0358,1145.867,484489.4
1146.019,96.5066,1146.019,444647.1
1146.171,96.93378,1146.171,394581.2
1146.323,97.31086,1146.323,343101.9
1146.476,97.63824,1146.476,294930.2
1146.628,97.91987,1146.628,252105.1
1146.78,98.16111,1146.78,215130.3
1146.932,98.36755,1146.932,183732.4
1147.085,98.54441,1147.085,157306.7
1147.237,98.69631,1147.237,135155.1
1147.389,98.82722,1147.389,116602.8
1147.542,98.94049,1147.542,101047
1147.694,99.0389,1147.694,87971.55
1147.847,99.12476,1147.847,76944.55
1147.999,99.20001,1147.999,67609.52
1148.152,99.26622,1148.152,59674.31
1148.305,99.32473,1148.305,52900.26
1148.457,99.37664,1148.457,47092.59
1148.61,99.42286,1148.61,42092.14
1148.763,99.46418,1148.763,37768.66
1148.916,99.50123,1148.916,34015.2
1149.069,99.53458,1149.069,30743.67
1149.222,99.56469,1149.222,27881.28
1149.375,99.59195,1149.375,25367.62
1149.527,99.6167,1149.527,23152.38
1149.681,99.63925,1149.681,21193.48
1149.834,99.65983,1149.834,19455.6
1149.987,99.67866,1149.987,17908.99
1150.14,99.69594,1150.14,16528.45
1150.293,99.71182,1150.293,15292.63
1150.446,99.72646,1150.446,14183.29
1150.6,99.73998,1150.6,13184.87
1150.753,99.75248,1150.753,12283.98
1150.906,99.76406,1150.906,11469.14
1151.06,99.77482,1151.06,10730.39
1151.213,99.78483,1151.213,10059.13
1151.366,99.79414,1151.366,9447.875
1151.52,99.80284,1151.52,8890.106
1151.674,99.81096,1151.674,8380.125
1151.827,99.81856,1151.827,7912.941
1151.981,99.82569,1151.981,7484.166
1152.134,99.83237,1152.134,7089.938
1152.288,99.83864,1152.288,6726.848
1152.442,99.84455,1152.442,6391.875
1152.596,99.85011,1152.596,6082.345
1152.75,99.85535,1152.75,5795.876
1152.903,99.86029,1152.903,5530.35
1153.057,99.86496,1153.057,5283.875
1153.211,99.86938,1153.211,5054.758
1153.365,99.87356,1153.365,4841.483
1153.519,99.87752,1153.519,4642.688
1153.674,99.88128,1153.674,4457.149
1153.828,99.88484,1153.828,4283.763
1153.982,99.88823,1153.982,4121.534
1154.136,99.89144,1154.136,3969.562
1154.29,99.8945,1154.29,3827.032
1154.445,99.89742,1154.445,3693.206
1154.599,99.90019,1154.599,3567.412
1154.753,99.90284,1154.753,3449.04
1154.908,99.90537,1154.908,3337.535
1155.062,99.90778,1155.062,3232.388
1155.217,99.91008,1155.217,3133.138
1155.371,99.91228,1155.371,3039.36
1155.526,99.91438,1155.526,2950.668
1155.68,99.9164,1155.68,2866.707
1155.835,99.91832,1155.835,2787.149
1155.99,99.92017,1155.99,2711.696
1156.145,99.92194,1156.145,2640.072
1156.299,99.92364,1156.299,2572.023
1156.454,99.92526,1156.454,2507.315
1156.609,99.92683,1156.609,2445.733
1156.764,99.92833,1156.764,2387.077
1156.919,99.92977,1156.919,2331.163
1157.074,99.93115,1157.074,2277.819
1157.229,99.93248,1157.229,2226.889
1157.384,99.93376,1157.384,2178.225
1157.539,99.93499,1157.539,2131.691
1157.694,99.93618,1157.694,2087.161
1157.85,99.93732,1157.85,2044.518
1158.005,99.93841,1158.005,2003.652
1158.16,99.93947,1158.16,1964.461
1158.315,99.94049,1158.315,1926.851
1158.471,99.94147,1158.471,1890.732
1158.626,99.94242,1158.626,1856.023
1158.782,99.94333,1158.782,1822.647
1158.937,99.94421,1158.937,1790.53
1159.093,99.94506,1159.093,1759.606
1159.248,99.94588,1159.248,1729.812
1159.404,99.94667,1159.404,1701.088
1159.56,99.94743,1159.56,1673.379
1159.715,99.94817,1159.715,1646.633
1159.871,99.94888,1159.871,1620.801
1160.027,99.94957,1160.027,1595.837
1160.183,99.95023,1160.183,1571.699
1160.339,99.95087,1160.339,1548.345
1160.494,99.95149,1160.494,1525.738
1160.65,99.95209,1160.65,1503.841
1160.806,99.95267,1160.806,1482.622
1160.962,99.95322,1160.962,1462.047
1161.119,99.95376,1161.119,1442.087
1161.275,99.95428,1161.275,1422.714
1161.431,99.95479,1161.431,1403.901
1161.587,99.95527,1161.587,1385.623
1161.743,99.95574,1161.743,1367.855
1161.9,99.9562,1161.9,1350.576
1162.056,99.95664,1162.056,1333.763
1162.212,99.95706,1162.212,1317.397
1162.369,99.95747,1162.369,1301.458
1162.525,99.95786,1162.525,1285.929
1162.682,99.95825,1162.682,1270.791
1162.838,99.95861,1162.838,1256.03
1162.995,99.95897,1162.995,1241.629
1163.152,99.95931,1163.152,1227.573
1163.308,99.95964,1163.308,1213.85
1163.465,99.95996,1163.465,1200.445
1163.622,99.96027,1163.622,1187.345
1163.778,99.96057,1163.778,1174.54
1163.935,99.96085,1163.935,1162.018
1164.092,99.96113,1164.092,1149.767
1164.249,99.96139,1164.249,1137.777
1164.406,99.96165,1164.406,1126.04
1164.563,99.96189,1164.563,1114.544
1164.72,99.96213,1164.72,1103.282
1164.877,99.96235,1164.877,1092.245
1165.034,99.96257,1165.034,1081.425
1165.192,99.96278,1165.192,1070.813
1165.349,99.96297,1165.349,1060.403
1165.506,99.96316,1165.506,1050.188
1165.663,99.96335,1165.663,1040.161
1165.821,99.96352,1165.821,1030.315
1165.978,99.96368,1165.978,1020.644
1166.136,99.96384,1166.136,1011.142
1166.293,99.96399,1166.293,1001.804
1166.451,99.96413,1166.451,992.6249
1166.608,99.96427,1166.608,983.5983
1166.766,99.96439,1166.766,974.7199
1166.923,99.96451,1166.923,965.9849
1167.081,99.96463,1167.081,957.3886
1167.239,99.96473,1167.239,948.9268
1167.397,99.96483,1167.397,940.5952
1167.554,99.96492,1167.554,932.3898
1167.712,99.96501,1167.712,924.3067
1167.87,99.96509,1167.87,916.3422
1168.028,99.96516,1168.028,908.4927
1168.186,99.96522,1168.186,900.7548
1168.344,99.96528,1168.344,893.1252
1168.502,99.96533,1168.502,885.6007
1168.66,99.96538,1168.66,878.1782
1168.819,99.96542,1168.819,870.8547
1168.977,99.96545,1168.977,863.6275
1169.135,99.96548,1169.135,856.4937
1169.293,99.9655,1169.293,849.4508
1169.452,99.96551,1169.452,842.4961
1169.61,99.96552,1169.61,835.6273
1169.768,99.96552,1169.768,828.8418
1169.927,99.96552,1169.927,822.1375
1170.085,99.96551,1170.085,815.512
1170.244,99.96549,1170.244,808.9633
1170.402,99.96547,1170.402,802.4892
1170.561,99.96544,1170.561,796.0878
1170.72,99.96541,1170.72,789.757
1170.879,99.96537,1170.879,783.495
1171.037,99.96532,1171.037,777.3
1171.196,99.96527,1171.196,771.1701
1171.355,99.96522,1171.355,765.1037
1171.514,99.96515,1171.514,759.0989
1171.673,99.96508,1171.673,753.1544
1171.832,99.96501,1171.832,747.2683
1171.991,99.96493,1171.991,741.4392
1172.15,99.96484,1172.15,735.6656
1172.309,99.96474,1172.309,729.946
1172.468,99.96464,1172.468,724.279
1172.627,99.96454,1172.627,718.6631
1172.787,99.96443,1172.787,713.0971
1172.946,99.96431,1172.946,707.5796
1173.105,99.96418,1173.105,702.1092
1173.265,99.96405,1173.265,696.6848
1173.424,99.96392,1173.424,691.3051
1173.583,99.96377,1173.583,685.9689
1173.743,99.96362,1173.743,680.6749
1173.902,99.96347,1173.902,675.422
1174.062,99.9633,1174.062,670.2091
1174.222,99.96313,1174.222,665.035
1174.381,99.96296,1174.381,659.8986
1174.541,99.96277,1174.541,654.7988
1174.701,99.96258,1174.701,649.7346
1174.861,99.96239,1174.861,644.7048
1175.02,99.96218,1175.02,639.7085
1175.18,99.96197,1175.18,634.7447
1175.34,99.96175,1175.34,629.8122
1175.5,99.96153,1175.5,624.91
1175.66,99.9613,1175.66,620.0373
1175.82,99.96106,1175.82,615.193
1175.98,99.96081,1175.98,610.376
1176.141,99.96055,1176.141,605.5855
1176.301,99.96029,1176.301,600.8205
1176.461,99.96002,1176.461,596.08
1176.621,99.95974,1176.621,591.3631
1176.782,99.95945,1176.782,586.6687
1176.942,99.95915,1176.942,581.996
1177.102,99.95885,1177.102,577.344
1177.263,99.95853,1177.263,572.7118
1177.423,99.95821,1177.423,568.0984
1177.584,99.95788,1177.584,563.5028
1177.744,99.95754,1177.744,558.9241
1177.905,99.95719,1177.905,554.3614
1178.066,99.95683,1178.066,549.8137
1178.226,99.95646,1178.226,545.28
1178.387,99.95608,1178.387,540.7594
1178.548,99.95569,1178.548,536.2509
1178.709,99.95529,1178.709,531.7534
1178.87,99.95488,1178.87,527.2661
1179.031,99.95446,1179.031,522.7879
1179.192,99.95402,1179.192,518.3178
1179.353,99.95358,1179.353,513.8548
1179.514,99.95312,1179.514,509.3979
1179.675,99.95266,1179.675,504.9459
1179.836,99.95218,1179.836,500.4978
1179.997,99.95169,1179.997,496.0526
1180.159,99.95119,1180.159,491.6092
1180.32,99.95067,1180.32,487.1664
1180.481,99.95014,1180.481,482.723
1180.643,99.9496,1180.643,478.278
1180.804,99.94904,1180.804,473.8302
1180.965,99.94847,1180.965,469.3782
1181.127,99.94789,1181.127,464.921
1181.288,99.94729,1181.288,460.4573
1181.45,99.94668,1181.45,455.9857
1181.612,99.94605,1181.612,451.505
1181.773,99.9454,1181.773,447.0137
1181.935,99.94474,1181.935,442.5106
1182.097,99.94406,1182.097,437.9941
1182.259,99.94337,1182.259,433.4629
1182.421,99.94265,1182.421,428.9154
1182.583,99.94192,1182.583,424.3501
1182.744,99.94117,1182.744,419.7654
1182.906,99.94041,1182.906,415.1597
1183.068,99.93962,1183.068,410.5312
1183.231,99.93881,1183.231,405.8783
1183.393,99.93799,1183.393,401.1992
1183.555,99.93714,1183.555,396.492
1183.717,99.93627,1183.717,391.7548
1183.879,99.93538,1183.879,386.9857
1184.042,99.93446,1184.042,382.1826
1184.204,99.93352,1184.204,377.3434
1184.366,99.93256,1184.366,372.4659
1184.529,99.93157,1184.529,367.5479
1184.691,99.93056,1184.691,362.587
1184.854,99.92952,1184.854,357.5808
1185.016,99.92846,1185.016,352.5268
1185.179,99.92737,1185.179,347.4224
1185.342,99.92624,1185.342,342.2649
1185.504,99.92509,1185.504,337.0514
1185.667,99.92391,1185.667,331.779
1185.83,99.9227,1185.83,326.4447
1185.993,99.92145,1185.993,321.0453
1186.156,99.92018,1186.156,315.5775
1186.319,99.91887,1186.319,310.0378
1186.482,99.91752,1186.482,304.4228
1186.645,99.91613,1186.645,298.7285
1186.808,99.91471,1186.808,292.9513
1186.971,99.91325,1186.971,287.0869
1187.134,99.91175,1187.134,281.1311
1187.297,99.91021,1187.297,275.0796
1187.46,99.90863,1187.46,268.9276
1187.624,99.907,1187.624,262.6703
1187.787,99.90533,1187.787,256.3026
1187.95,99.90361,1187.95,249.8193
1188.114,99.90184,1188.114,243.2148
1188.277,99.90002,1188.277,236.4832
1188.441,99.89815,1188.441,229.6185
1188.604,99.89623,1188.604,222.6142
1188.768,99.89425,1188.768,215.4636
1188.932,99.89221,1188.932,208.1598
1189.095,99.89012,1189.095,200.6952
1189.259,99.88796,1189.259,193.062
1189.423,99.88573,1189.423,185.2522
1189.587,99.88344,1189.587,177.2571
1189.751,99.88109,1189.751,169.0677
1189.915,99.87866,1189.915,160.6744
1190.079,99.87615,1190.079,152.0672
1190.243,99.87357,1190.243,143.2354
1190.407,99.87091,1190.407,134.168
1190.571,99.86817,1190.571,124.8532
1190.735,99.86534,1190.735,115.2785
1190.899,99.86242,1190.899,105.4308
1191.063,99.85941,1191.063,95.29621
1191.228,99.8563,1191.228,84.86007
1191.392,99.85309,1191.392,74.10686
1191.556,99.84978,1191.556,63.02014
1191.721,99.84636,1191.721,51.58249
1191.885,99.84282,1191.885,39.77546
1192.05,99.83917,1192.05,27.5795
1192.214,99.83539,1192.214,14.97381
1192.379,99.83148,1192.379,1.936369
1192.543,99.82744,1192.543,-11.5563
1192.708,99.82326,1192.708,-25.529
1192.873,99.81893,1192.873,-40.0084
1193.038,99.81445,1193.038,-55.0226
1193.203,99.80981,1193.203,-70.6016
1193.367,99.805,1193.367,-86.7777
1193.532,99.80001,1193.532,-103.585
1193.697,99.79485,1193.697,-121.06
1193.862,99.78949,1193.862,-139.241
1194.027,99.78393,1194.027,-158.171
1194.192,99.77816,1194.192,-177.893
1194.358,99.77216,1194.358,-198.457
1194.523,99.76594,1194.523,-219.912
1194.688,99.75947,1194.688,-242.314
1194.853,99.75275,1194.853,-265.723
1195.019,99.74576,1195.019,-290.2
1195.184,99.73848,1195.184,-315.814
1195.349,99.7309,1195.349,-342.64
1195.515,99.72302,1195.515,-370.755
1195.68,99.7148,1195.68,-400.245
1195.846,99.70623,1195.846,-431.201
1196.012,99.69729,1196.012,-463.724
1196.177,99.68796,1196.177,-497.921
1196.343,99.67822,1196.343,-533.907
1196.509,99.66805,1196.509,-571.81
1196.675,99.65742,1196.675,-611.766
1196.84,99.6463,1196.84,-653.923
1197.006,99.63466,1197.006,-698.443
1197.172,99.62247,1197.172,-745.502
1197.338,99.6097,1197.338,-795.292
1197.504,99.59631,1197.504,-848.022
1197.67,99.58227,1197.67,-903.921
1197.836,99.56752,1197.836,-963.239
1198.002,99.55202,1198.002,-1026.25
1198.169,99.53573,1198.169,-1093.26
1198.335,99.51859,1198.335,-1164.59
1198.501,99.50053,1198.501,-1240.61
1198.668,99.48151,1198.668,-1321.72
1198.834,99.46144,1198.834,-1408.37
1199,99.44025,1199,-1501.03
1199.167,99.41787,1199.167,-1600.27
1199.333,99.39419,1199.333,-1706.67
1199.5,99.36913,1199.5,-1820.91
1199.667,99.34257,1199.667,-1943.73
1199.833,99.31439,1199.833,-2075.96
1200,99.28448,1200,-2218.54
