Wlgth,Rp5deg,Rp19deg
400,1.803407887,87.27042587
400.115466,0.388614433,89.72395446
400.2309987,3.124773407,91.48376666
400.3465982,9.535072322,92.7745762
400.4622645,18.68107654,93.7393094
400.5779976,29.23319122,94.471054
400.6937976,39.84290095,95.03187184
400.8096646,49.52465502,95.46402317
400.9255986,57.78705002,95.7967981
401.0415997,64.5342338,96.05076468
401.1576679,69.89404109,96.2404641
401.2738034,74.07974585,96.37614998
401.3900061,77.31061928,96.46492292
401.5062762,79.77712016,96.51147132
401.6226136,81.63096014,96.51854623
401.7390184,82.98622527,96.48724787
401.8554908,83.92404187,96.41717004
401.9720307,84.4972693,96.30642742
402.0886382,84.73371031,96.15157584
402.2053134,84.63712071,95.94742329
402.3220563,84.18539825,95.68671799
402.438867,83.3249651,95.3596881
402.5557456,81.95953694,94.95339349
402.6726921,79.93004474,94.45083354
402.7897065,76.98032835,93.82973469
402.906789,72.7012493,93.06091982
403.0239395,66.45074148,92.10614172
403.1411582,57.29219161,90.91526002
403.2584451,44.21051085,89.42268487
403.3758003,27.56473466,87.5431725
403.4932238,13.10384184,85.16747724
403.6107157,12.61209004,82.15930177
403.728276,28.38790186,78.35684415
403.8459048,48.31727767,73.58541677
403.9636022,64.01159654,67.69176185
404.0813682,74.59852668,60.6126756
404.1992029,81.50742146,52.48126852
404.3171064,86.06957644,43.73995254
404.4350786,89.16150953,35.17303109
404.5531197,91.31766854,27.75338778
404.6712298,92.86205457,22.30912341
404.7894088,93.99461423,19.20922064
404.9076569,94.84189158,18.29748647
405.025974,95.48612188,19.08583734
405.1443604,95.9821044,21.02108741
405.2628159,96.36719064,23.66347764
405.3813408,96.6673401,26.74379561
405.499935,96.90088098,30.14119656
405.6185986,97.08089864,33.82858531
405.7373317,97.21678242,37.81356561
405.8561343,97.31524327,42.089316
405.9750065,97.38098933,46.60425281
406.0939484,97.41717414,51.25542381
406.2129599,97.42568806,55.90385017
406.3320413,97.40733677,60.40236842
406.4511925,97.36193284,64.62312887
406.5704136,97.2883151,68.4751284
406.6897046,97.18430128,71.90901653
406.8090657,97.04657258,74.91209104
406.9284969,96.87048156,77.49849605
407.0479982,96.64976764,79.69883642
407.1675697,96.37615522,81.55155835
407.2872115,96.03879827,83.09683088
407.4069236,95.62352027,84.37272591
407.5267061,95.11177946,85.41313525
407.646559,94.47926477,86.24683784
407.7664825,93.69400049,86.89724123
407.8864766,92.71381081,87.38245728
408.0065413,91.48298536,87.71548524
408.1266767,89.92803024,87.9043543
408.2468829,87.95256667,87.95212375
408.3671599,85.43191728,87.85665899
408.4875078,82.20899962,87.61009927
408.6079266,78.09528289,87.19791125
408.7284165,72.88415771,86.59737893
408.8489775,66.38854836,85.77531079
408.9696095,58.51608308,84.68464181
409.0903128,49.38343173,83.25946473
409.2110874,39.43347178,81.40785001
409.3319333,29.46357711,79.00167084
409.4528506,20.46660496,75.86277884
409.5738394,13.30709625,71.74604005
409.6948997,8.430709455,66.32410704
409.8160315,5.809030772,59.19194583
409.9372351,5.116290682,49.942743
410.0585103,5.968853617,38.43272317
410.1798573,8.082601496,25.40105525
410.3012761,11.3112225,13.33641229
410.4227669,15.59648893,6.412006119
410.5443296,20.87898977,7.843328303
410.6659644,27.01696613,16.73766252
410.7876712,33.75234273,29.09598174
410.9094502,40.73914037,41.32174399
411.0313015,47.61492824,51.71472706
411.153225,54.07466948,59.95265158
411.2752209,59.91407268,66.29378707
411.3972892,65.03478012,71.12952858
411.51943,69.42364278,74.81574992
411.6416433,73.12311018,77.63233265
411.7639292,76.20447141,79.7872611
411.8862878,78.74861089,81.43151924
412.0087192,80.83430586,82.67362652
412.1312234,82.53222277,83.59107904
412.2538004,83.90256327,84.23866285
412.3764504,84.99475389,84.65426892
412.4991733,85.84811261,84.86285966
412.6219694,86.49285445,84.87909773
412.7448385,86.95108235,84.70900103
412.8677809,87.23757704,84.35087051
412.9907965,87.36028511,83.79565447
413.1138855,87.32043746,83.02685901
413.2370478,87.11222731,82.02008803
413.3602836,86.72194681,80.74229966
413.483593,86.12642454,79.15090934
413.6069759,85.29051772,77.19297418
413.7304325,84.16328405,74.80488983
413.8539628,82.67228222,71.91336375
413.9775669,80.71524118,68.43892712
414.1012448,78.14819587,64.30387885
414.2249967,74.76947951,59.44707993
414.3488225,70.30086408,53.84777383
414.4727224,64.37402177,47.55831684
414.5966965,56.55090704,40.73981794
414.7207447,46.45718321,33.68524895
414.8448671,34.1942039,26.80671923
414.9690639,21.18503923,20.56877759
415.0933351,10.9685872,15.37645715
415.2176807,8.022499487,11.46302944
415.3421009,13.90253949,8.834278377
415.4665956,25.52804724,7.294541335
415.591165,38.43711019,6.530952335
415.7158091,49.89995649,6.209021027
415.840528,59.0934805,6.045295743
415.9653218,66.15352215,5.848807228
416.0901905,71.49586667,5.540111409
416.2151341,75.5327399,5.159881704
416.3401529,78.59455524,4.872979344
416.4652467,80.92670518,4.963993859
416.5904158,82.70612419,5.810350862
416.7156601,84.05904037,7.815526016
416.8409797,85.07516581,11.29784443
416.9663748,85.81799087,16.36425498
417.0918453,86.33194886,22.83317497
417.2173913,86.64729291,30.26366148
417.3430129,86.78334966,38.08541937
417.4687103,86.75062017,45.75786921
417.5944833,86.55204398,52.88049286
417.7203322,86.18363164,59.2257026
417.8462569,85.63459634,64.71399031
417.9722576,84.88706962,69.36626943
418.0983343,83.91546748,73.25848804
418.2244871,82.68558643,76.48868936
418.350716,81.15356987,79.15702431
418.4770211,79.26502239,81.35548188
418.6034026,76.95481103,83.16374682
418.7298604,74.14853985,84.64845098
418.8563946,70.76736487,85.86406529
418.9830053,66.73866951,86.85442695
419.1096926,62.0157445,87.65437686
419.2364565,56.60888535,88.29126209
419.3632971,50.62612269,88.7862081
419.4902145,44.31198711,89.15513963
419.6172088,38.0590378,89.4095614
419.7442799,32.36094442,89.55712003
419.8714281,27.69661194,89.60196752
419.9986533,24.38426118,89.54494066
420.1259556,22.48291752,89.38356109
420.2533351,21.79683643,89.11185035
420.3807919,21.96837094,88.71994143
420.508326,22.5957407,88.19345419
420.6359376,23.32092371,87.51258645
420.7636266,23.87139002,86.65085537
420.8913931,24.0679057,85.57341001
421.0192373,23.81805543,84.2348326
421.1471591,23.11044344,82.57637555
421.2751587,22.01724648,80.52268715
421.4032362,20.70609703,77.97835802
421.5313915,19.45497902,74.82525643
421.6596248,18.65428406,70.92294407
421.7879362,18.77109353,66.11695741
421.9163256,20.2537847,60.26378158
422.0447933,23.38624009,53.28603557
422.1733392,28.15499032,45.27141022
422.3019634,34.21901961,36.60990099
422.4306661,41.01804789,28.10672257
422.5594472,47.95597048,20.92884963
422.6883068,54.55385121,16.25727257
422.8172451,60.51413154,14.75741045
422.9462621,65.70731729,16.26202002
423.0753578,70.12286597,19.93555175
423.2045323,73.81806808,24.73098758
423.3337858,76.87985213,29.76620009
423.4631182,79.40130885,34.46188651
423.5925297,81.46945614,38.50914321
423.7220203,83.16009119,41.78021706
423.8515901,84.53654954,44.24711889
423.9812392,85.65035012,45.92620253
424.1109676,86.54258046,46.84584836
424.2407754,87.2454305,47.02976839
424.3706627,87.78359927,46.48987783
424.5006295,88.17546476,45.22526836
424.630676,88.43398724,43.22613439
424.7608022,88.56734944,40.48342408
424.8910082,88.57934541,37.00659831
425.021294,88.46952611,32.85285176
425.1516597,88.23309863,28.17008742
425.2821055,87.86056114,23.24979739
425.4126313,87.33703738,18.57102339
425.5432373,86.64125351,14.79430186
425.6739234,85.74407826,12.65417957
425.8046899,84.60652936,12.73879614
425.9355367,83.17714816,15.24535911
426.066464,81.38869343,19.8739463
426.1974718,79.15427652,25.94851553
426.3285602,76.36351014,32.67848152
426.4597292,72.88028226,39.39037693
426.590979,68.54594927,45.63310141
426.7223096,63.19583223,51.1712647
426.8537211,56.70318574,55.92664708
426.9852136,49.07032971,59.91480511
427.1167871,40.57850185,63.196929
427.2484417,31.95783835,65.84947743
427.3801775,24.43040977,67.94741615
427.5119945,19.41056072,69.55607901
427.6438929,17.86033432,70.72784396
427.7758727,19.75784474,71.50117733
427.907934,24.1800851,71.90061322
428.0400769,29.87667224,71.93687109
428.1723014,35.79474437,71.60667705
428.3046076,41.27372374,70.89205139
428.4369956,45.99573791,69.75894198
428.5694654,49.86118242,68.15519616
428.7020173,52.88194503,66.00806381
428.8346511,55.11346614,63.22186463
428.967367,56.61796053,59.67741038
429.1001651,57.44672271,55.23674193
429.2330455,57.63259471,49.76043892
429.3660081,57.18740718,43.15068318
429.4990532,56.10189442,35.43956632
429.6321807,54.34738604,26.93872278
429.7653908,51.87999688,18.42633297
429.8986836,48.6495354,11.2395968
430.032059,44.61721018,7.021951172
430.1655172,39.78820268,7.007329629
430.2990583,34.26561636,11.26725481
430.4326824,28.32645547,18.65118767
430.5663894,22.49979195,27.49120471
430.7001795,17.58817277,36.37132314
430.8340528,14.54162722,44.44528803
430.9680094,14.14396395,51.36725059
431.1020493,16.64521181,57.09819035
431.2361726,21.6145933,61.74320202
431.3703793,28.15009489,65.45378163
431.5046697,35.26949313,68.37998891
431.6390436,42.20635575,70.65132757
431.7735013,48.50238661,72.37163734
431.9080428,53.95855087,73.61984583
432.0426681,58.54246699,74.4525868
432.1773774,62.30820741,74.90690413
432.3121708,65.34356828,75.00232583
432.4470482,67.74075645,74.74206741
432.5820098,69.58226143,74.11332997
432.7170557,70.93516391,73.08677339
432.852186,71.84955088,71.61539845
432.9874006,72.35857281,69.63340584
433.1226998,72.47882992,67.05635467
433.2580836,72.21040722,63.78553424
433.393552,71.5361995,59.72252419
433.5291051,70.4203324,54.80495564
433.6647431,68.80561271,49.080082
433.800466,66.61016064,42.83017645
433.9362738,63.72390037,36.72838005
434.0721667,60.00682501,31.90526616
434.2081448,55.29369521,29.69935755
434.3442081,49.41535889,31.00565477
434.4803566,42.25636881,35.6586805
434.6165906,33.87941025,42.50516703
434.75291,24.74113071,50.10860068
434.889315,15.94992008,57.38245492
435.0258056,9.32139643,63.76768888
435.1623818,6.83094669,69.10496857
435.2990439,9.477963909,73.44951662
435.4357918,16.53058717,76.93969017
435.5726257,26.03918237,79.72764891
435.7095456,36.02661215,81.9502584
435.8465516,45.21794792,83.72051706
435.9836438,53.07200912,85.12780486
436.1208223,59.51331084,86.2411741
436.2580871,64.68066718,87.1131704
436.3954383,68.77732082,87.78323996
436.5328761,72.0014715,88.28046098
436.6704004,74.52134334,88.62560156
436.8080115,76.47055468,88.83258791
436.9457093,77.95118068,88.90947374
437.0834939,79.03883097,88.85898031
437.2213655,79.78748946,88.67864543
437.3593241,80.23337629,88.3605847
437.4973697,80.3976957,87.8908287
437.6355025,80.28833758,87.24815289
437.7737226,79.90064733,86.40225799
437.91203,79.21738007,85.31108208
438.0504249,78.20797695,83.91692785
438.1889072,76.8274063,82.14097649
438.3274772,75.01510681,79.87567129
438.4661348,72.69525027,76.97452374
438.6048801,69.7809559,73.23950597
438.7437133,66.18773576,68.4083693
438.8826344,61.86559709,62.150448
439.0216435,56.86323286,54.09495198
439.1607407,51.43350977,43.94765744
439.299926,46.15673454,31.79456929
439.4391997,41.977611,18.66336866
439.5785616,39.98007885,7.070240959
439.718012,40.86227245,0.556480698
439.8575509,44.47526555,1.486625516
439.9971783,49.90425235,9.036867784
440.1368945,56.01364149,20.06896755
440.2766994,61.92959612,31.56495331
440.4165931,67.18249515,41.83930819
440.5565758,71.61792261,50.34780814
440.6966475,75.25800404,57.13798248
440.8368083,78.19882497,62.46648453
440.9770582,80.55376812,66.61798871
441.1173975,82.42810214,69.84015607
441.257826,83.91027498,72.32952739
441.3983441,85.07081147,74.23567106
441.5389516,85.96409894,75.66998886
441.6796488,86.63089079,76.71430847
441.8204356,87.10063501,77.4279011
441.9613123,87.39331612,77.85282667
442.1022788,87.52073484,78.01788986
442.2433352,87.48722621,77.94155597
442.3844817,87.28981859,77.6341462
442.5257183,86.91780156,77.09959125
442.6670452,86.3516128,76.33699494
442.8084623,85.56087129,75.34225347
442.9499698,84.50127103,74.10998562
443.0915678,83.10989444,72.6360398
443.2332564,81.29830789,70.92082736
443.3750355,78.94259909,68.97363508
443.5169055,75.86948175,66.81782201
443.6588662,71.83831164,64.49633107
443.8009179,66.52208471,62.07623252
443.9430605,59.500985,59.65023616
444.0852942,50.31090187,57.33272799
444.2276191,38.65337567,55.24860198
444.3700353,24.95449322,53.51543524
444.5125428,11.32327314,52.22287035
444.6551417,2.001902703,51.41559775
444.7978321,1.230463176,51.08597302
444.9406142,9.286313004,51.17863912
445.0834879,22.22175102,51.60463962
445.2264535,35.69799172,52.25939139
445.3695109,47.39225401,53.03893436
445.5126603,56.72368296,53.85118504
445.6559017,63.91118032,54.62159835
445.7992352,69.38499908,55.29439117
445.942661,73.55304532,55.8310573
446.0861792,76.7397832,56.20770073
446.2297897,79.18693662,56.41221309
446.3734927,81.07004934,56.44183138
446.5172883,82.51550336,56.30125118
446.6611766,83.61408746,56.00124266
446.8051576,84.43090963,55.55758914
446.9492315,85.01237778,54.99010572
447.0933983,85.39103348,54.32148339
447.2376582,85.58886498,53.57574006
447.3820112,85.61955309,52.77615008
447.5264574,85.48996597,51.94266539
447.6709969,85.20112336,51.08901175
447.8156298,84.74878875,50.21979244
447.9603562,84.12381501,49.32800018
448.1051762,83.3123606,48.39328059
448.2500898,82.29611024,47.38111414
448.3950972,81.0526795,46.24285025
448.5401985,79.55646113,44.91633856
448.6853937,77.78028271,43.32685835
448.8306829,75.69837699,41.38822257
448.9760662,73.29126603,39.00439793
449.1215438,70.55311005,36.07284929
449.2671156,67.50165258,32.49231921
449.4127819,64.18981641,28.1802495
449.5585427,60.71610391,23.10876674
449.704398,57.22864082,17.37203362
449.850348,53.91649856,11.29618646
449.9963928,50.9842582,5.579993668
450.1425324,48.61294749,1.384364209
450.288767,46.91963659,0.181969239
450.4350966,45.93211336,3.190317126
450.5815213,45.58906679,10.58963469
450.7280413,45.76343928,21.22081041
450.8746566,46.29656577,33.17570827
451.0213674,47.02955669,44.73665817
451.1681736,47.82414056,54.89185118
451.3150754,48.571996,63.30202086
451.462073,49.1956159,70.03738414
451.6091663,49.64461919,75.34110785
451.7563555,49.89055267,79.49063418
451.9036406,49.92193835,82.73643543
452.0510219,49.74027911,85.28355168
452.1984993,49.35708264,87.29205861
452.346073,48.79162043,88.88403568
452.493743,48.06899647,90.15158294
452.6415094,47.21808515,91.16389438
452.7893724,46.26898422,91.97289683
452.9373321,45.2498069,92.61753065
453.0853884,44.18289083,93.12691277
453.2335416,43.08077495,93.52263138
453.3817917,41.94249862,93.82037995
453.5301389,40.75082012,94.03108611
453.6785831,39.47079992,94.16164375
453.8271246,38.04991355,94.21531572
453.9757633,36.41960543,94.19183867
454.1244995,34.49816199,94.08722845
454.2733331,32.19514099,93.89325098
454.4222643,29.41849038,93.59648845
454.5712932,26.08706707,93.17690144
454.7204199,22.15363273,92.6057869
454.8696445,17.64623213,91.84314388
455.018967,12.737066,90.83491625
455.1683876,7.840770605,89.51201824
455.3179064,3.714108871,87.79698496
455.4675235,1.4642599,85.63336031
455.6172389,2.311527442,83.06856414
455.7670527,7.043207331,80.42107723
455.9169651,15.44686005,78.45151904
456.0669762,26.26537467,78.16312836
456.217086,37.80757571,79.97068707
456.3672947,48.67944013,83.17167192
456.5176023,58.11358999,86.63236573
456.6680089,65.89100467,89.63560247
456.8185147,72.1152002,91.98212736
456.9691197,77.02133717,93.73562855
457.1198241,80.86575726,95.02896772
457.2706279,83.87736651,95.98538921
457.4215312,86.24330591,96.69966658
457.5725342,88.10996103,97.23993802
457.7236369,89.58928909,97.6540803
457.8748394,90.76598237,97.97562266
458.0261419,91.70379434,98.22818675
458.1775443,92.45060261,98.42858611
458.329047,93.04226611,98.58893354
458.4806498,93.50547967,98.718065
458.6323529,93.85983973,98.82250534
458.7841565,94.11929958,98.90712892
458.9360606,94.29314689,98.97561689
459.0880654,94.38659195,99.0307782
459.2401708,94.40101578,99.07477856
459.3923771,94.33389064,99.10930721
459.5446843,94.17835042,99.1357014
459.6970925,93.92235653,99.15504284
459.8496019,93.54738505,99.16823577
460.0022125,93.02659192,99.17607405
460.1549244,92.32260787,99.17930211
460.3077377,91.38579155,99.17867284
460.4606526,90.15574883,99.17500324
460.6136691,88.57402469,99.16922545
460.7667873,86.6266072,99.16242678
460.9200074,84.44699815,99.15586786
461.0733294,82.48075862,99.15096407
461.2267534,81.53172419,99.14921549
461.3802796,82.30380343,99.15207768
461.533908,84.64846164,99.16078248
461.6876388,87.64487655,99.17614151
461.841472,90.44839418,99.19838544
461.9954077,92.70385915,99.22709431
462.1494462,94.3980042,99.26125079
462.3035873,95.63922737,99.29940615
462.4578313,96.54621236,99.33990988
462.6121783,97.21428771,99.38113799
462.7666283,97.71261469,99.42166797
462.9211815,98.08958001,99.46037682
463.075838,98.37873514,99.49646647
463.2305978,98.60343116,99.52943711
463.3854612,98.78007685,99.55903242
463.5404281,98.92034344,99.58517645
463.6954986,99.0326402,99.60791444
463.850673,99.12310327,99.62736356
464.0059513,99.19626331,99.64367514
464.1613335,99.25550114,99.6570073
464.3168199,99.3033624,99.66750609
464.4724105,99.34177775,99.67529313
464.6281053,99.37221905,99.68045784
464.7839046,99.39581192,99.68305316
464.9398084,99.41341844,99.68309402
465.0958169,99.42569957,99.6805588
465.25193,99.43316448,99.67539447
465.408148,99.43621194,99.66752788
465.564471,99.43516844,99.65688664
465.720899,99.43032706,99.64343553
465.8774321,99.42199071,99.62723655
466.0340705,99.410523,99.60854208
466.1908143,99.39640848,99.58792783
466.3476636,99.38032107,99.56645965
466.5046184,99.36319335,99.54585615
466.6616789,99.34627044,99.52855466
466.8188452,99.33112059,99.51753296
466.9761174,99.31956666,99.51575436
467.1334956,99.31350775,99.52528247
467.2909799,99.31463036,99.54642592
467.4485705,99.32406317,99.57744349
467.6062673,99.34208506,99.61506829
467.7640706,99.3680086,99.6555523
467.9219805,99.40030248,99.69563794
468.079997,99.436912,99.73306462
468.2381203,99.47565452,99.76660409
468.3963504,99.51455743,99.79583203
468.5546875,99.55206169,99.82083843
468.7131317,99.58708449,99.8419861
468.8716831,99.61898042,99.85974671
469.0303418,99.64745135,99.87460473
469.1891079,99.67244479,99.88700852
469.3479815,99.69406347,99.89735035
469.5069627,99.71249489,99.90596203
469.6660517,99.7279613,99.91311838
469.8252486,99.74068653,99.91904376
469.9845534,99.7508755,99.92391936
470.1439662,99.75870236,99.92789003
470.3034873,99.76430421,99.93107032
470.4631166,99.76777842,99.93354943
470.6228543,99.76918227,99.93539529
470.7827006,99.76853447,99.93665781
470.9426554,99.76581901,99.93737151
471.102719,99.76099258,99.93755773
471.2628915,99.75399827,99.93722673
471.4231729,99.74478986,99.93637996
471.5835633,99.73337336,99.93501304
471.7440629,99.71987449,99.93312021
471.9046718,99.7046408,99.93070125
472.0653901,99.68837999,99.92777246
472.226218,99.67231371,99.92438308
472.3871554,99.65827979,99.92063875
472.5482026,99.64865566,99.91673095
472.7093596,99.64595797,99.91296676
472.8706266,99.65209952,99.90978366
473.0320036,99.66758108,99.90772456
473.1934909,99.69112507,99.9073473
473.3550884,99.72006828,99.90906986
473.5167964,99.75128481,99.91300614
473.6786148,99.78207032,99.91888736
473.8405439,99.81059468,99.92613191
474.0025838,99.83591652,99.93402897
474.1647345,99.8577643,99.94193072
474.3269962,99.87627573,99.94936757
474.489369,99.89179059,99.95607081
474.651853,99.90471703,99.96193622
474.8144483,99.91545775,99.96696909
474.977155,99.9243755,99.97123527
475.1399733,99.93178124,99.97482656
475.3029033,99.93793392,99.97783983
475.465945,99.94304548,99.98036605
475.6290987,99.94728748,99.9824856
475.7923643,99.95079783,99.98426696
475.9557421,99.95368681,99.98576734
476.1192321,99.95604215,99.98703384
476.2828345,99.95793325,99.98810501
476.4465493,99.95941458,99.98901226
476.6103767,99.96052839,99.98978111
476.7743168,99.96130695,99.99043227
476.9383698,99.96177445,99.99098255
477.1025357,99.96194871,99.99144555
477.2668146,99.96184285,99.99183225
477.4312067,99.96146722,99.99215143
477.5957121,99.96083186,99.9924101
477.7603309,99.95994963,99.9926137
477.9250632,99.95884077,99.99276632
478.0899092,99.95753873,99.99287092
478.2548689,99.95609787,99.99292935
478.4199425,99.95460189,99.99294245
478.5851301,99.95317151,99.99291012
478.7504317,99.95196705,99.99283123
478.9158477,99.95118046,99.99270363
479.0813779,99.95101093,99.99252404
479.2470227,99.95162391,99.99228798
479.412782,99.95310338,99.99198955
479.578656,99.95541776,99.99162128
479.7446448,99.95841892,99.99117393
479.9107486,99.96187814,99.99063625
480.0769675,99.96554244,99.98999485
480.2433015,99.96918628,99.98923411
480.4097508,99.97264171,99.98833657
480.5763156,99.97580516,99.98728373
480.7429959,99.97862838,99.98605807
480.9097918,99.98110309,99.9846468
481.0767036,99.98324597,99.98304843
481.2437312,99.98508682,99.98128287
481.4108749,99.98666058,99.97940511
481.5781347,99.9880024,99.97751959
481.7455107,99.98914504,99.97578783
481.9130032,99.99011769,99.9744166
482.0806121,99.99094563,99.97361631
482.2483377,99.99165033,99.97353554
482.4161801,99.99224985,99.97420246
482.5841393,99.99275922,99.97551147
482.7522155,99.99319085,99.97726506
482.9204088,99.99355497,99.97924231
483.0887194,99.99385992,99.98125502
483.2571473,99.99411247,99.9831728
483.4256927,99.99431802,99.98492206
483.5943557,99.99448084,99.98647235
483.7631365,99.99460413,99.98782088
483.9320351,99.99469024,99.98898006
484.1010517,99.99474063,99.98996912
484.2701863,99.99475602,99.99080914
484.4394392,99.99473632,99.9915204
484.6088105,99.99468068,99.99212119
484.7783002,99.99458742,99.99262734
484.9479086,99.99445396,99.99305229
485.1176356,99.99427675,99.99340726
485.2874815,99.99405111,99.99370153
485.4574464,99.99377112,99.99394274
485.6275304,99.99342943,99.99413712
485.7977336,99.99301714,99.99428975
485.9680561,99.99252368,99.99440477
486.1384981,99.99193695,99.99448555
486.3090597,99.99124375,99.99453482
486.4797411,99.99043084,99.99455487
486.6505422,99.98948722,99.99454763
486.8214634,99.9884082,99.99451487
486.9925047,99.98720212,99.99445826
487.1636662,99.98590006,99.99437962
487.334948,99.98456727,99.99428102
487.5063504,99.98331186,99.99416503
487.6778733,99.9822813,99.99403488
487.849517,99.98163684,99.99389467
488.0212816,99.98150526,99.99374955
488.1931671,99.98192827,99.9936058
488.3651738,99.98284228,99.99347079
488.5373017,99.9841043,99.99335274
488.709551,99.98554533,99.99326028
488.8819219,99.98701817,99.99320175
489.0544143,99.98842035,99.99318433
489.2270285,99.98969457,99.99321316
489.3997646,99.99081795,99.99329059
489.5726227,99.99178936,99.99341577
489.745603,99.99261932,99.99358475
489.9187056,99.99332333,99.99379097
490.0919305,99.99391799,99.99402611
490.2652781,99.994419,99.99428112
490.4387482,99.99484032,99.99454707
490.6123412,99.99519391,99.99481591
490.7860571,99.99548982,99.99508089
490.9598961,99.99573634,99.99533671
491.1338583,99.99594027,99.99557956
491.3079438,99.99610715,99.99580688
491.4821527,99.99624147,99.99601723
491.6564852,99.99634683,99.99620998
491.8309415,99.99642613,99.99638517
492.0055216,99.99648167,99.99654325
492.1802257,99.9965153,99.99668498
492.3550539,99.99652848,99.9968113
492.5300063,99.99652241,99.99692325
492.7050831,99.99649812,99.99702194
492.8802845,99.99645658,99.99710844
493.0556105,99.99639882,99.99718387
493.2310612,99.99632607,99.99724929
493.4066369,99.99623994,99.99730577
493.5823376,99.99614258,99.99735434
493.7581635,99.99603694,99.99739606
493.9341147,99.99592691,99.99743195
494.1101913,99.9958175,99.99746309
494.2863935,99.99571485,99.99749056
494.4627215,99.99562606,99.99751544
494.6391753,99.99555878,99.99753886
494.815755,99.99552051,99.99756193
494.9924609,99.99551764,99.99758575
495.1692931,99.99555451,99.99761137
495.3462516,99.99563257,99.99763974
495.5233366,99.99575003,99.99767169
495.7005484,99.99590209,99.99770787
495.8778869,99.99608167,99.99774872
496.0553523,99.99628045,99.99779444
496.2329448,99.99648997,99.99784495
496.4106645,99.99670252,99.99789996
496.5885116,99.99691167,99.99795893
496.7664861,99.99711257,99.99802112
496.9445883,99.99730183,99.9980857
497.1228182,99.9974774,99.99815174
497.301176,99.99763827,99.99821829
497.4796618,99.99778422,99.99828445
497.6582758,99.99791557,99.99834938
497.8370181,99.99803298,99.99841235
498.0158889,99.99813732,99.99847274
498.1948882,99.99822954,99.99853004
498.3740162,99.99831063,99.99858388
498.5532731,99.99838153,99.99863396
498.732659,99.99844316,99.99868009
498.9121741,99.99849634,99.99872215
499.0918184,99.99854184,99.99876008
499.2715921,99.99858035,99.99879386
499.4514954,99.9986125,99.9988235
499.6315284,99.99863887,99.99884902
499.8116912,99.99865999,99.99887045
499.991984,99.99867636,99.99888783
500.1724069,99.99868846,99.99890115
500.3529601,99.99869676,99.99891044
500.5336436,99.99870174,99.99891565
500.7144577,99.99870389,99.99891673
500.8954025,99.99870375,99.99891361
501.0764781,99.99870186,99.99890615
501.1022044,99.99870149,99.99890473
501.2576847,99.99869885,99.99889419
501.4390224,99.99869536,99.99887753
501.6204914,99.99869209,99.9988559
501.8020917,99.99868975,99.998829
501.9838236,99.99868907,99.99879647
502.1656871,99.99869075,99.99875789
502.2044088,99.99869148,99.99874886
502.3476825,99.99869542,99.99871281
502.5298099,99.99870362,99.99866069
502.7120693,99.99871572,99.99860101
502.894461,99.99873194,99.9985332
503.0769851,99.9987523,99.99845673
503.2596418,99.9987766,99.99837114
503.3066132,99.99878345,99.99834762
503.4424311,99.99880449,99.99827611
503.6253532,99.99883543,99.99817158
503.8084084,99.9988688,99.9980579
503.9915966,99.99890389,99.99793595
504.1749182,99.99893999,99.99780738
504.3583731,99.9989764,99.99767479
504.4088176,99.99898638,99.99763811
504.5419616,99.99901249,99.99754186
504.7256838,99.99904771,99.99741339
504.9095398,99.99908157,99.99729511
505.0935298,99.9991137,99.99719328
505.277654,99.99914381,99.997114
505.4619125,99.99917168,99.99706234
505.511022,99.9991787,99.9970537
505.6463054,99.99919714,99.99704153
505.8308329,99.99922011,99.99705238
506.0154951,99.99924051,99.99709316
506.2002922,99.99925832,99.99715992
506.3852243,99.99927352,99.99724723
506.5702916,99.9992861,99.99734903
506.6132265,99.99928864,99.99737406
506.7554942,99.99929605,99.99745936
506.9408322,99.99930338,99.99757293
507.1263059,99.99930806,99.99768542
507.3119154,99.99931006,99.99779354
507.4976608,99.99930932,99.99789499
507.6835422,99.99930578,99.99798823
507.7154309,99.99930488,99.99800332
507.8695599,99.99929933,99.99807238
508.0557139,99.99928986,99.99814702
508.2420045,99.9992772,99.99821202
508.4284317,99.99926117,99.99826746
508.6149957,99.99924154,99.99831351
508.8016967,99.99921806,99.99835037
508.9885348,99.99919043,99.99837823
509.1755102,99.99915833,99.99839724
509.362623,99.99912143,99.99840746
509.5498734,99.99907936,99.99840885
509.7372615,99.99903178,99.99840128
509.9198397,99.99897987,99.99838504
510.1124514,99.99891898,99.99835806
510.3002536,99.99885349,99.99832149
510.4881941,99.99878213,99.99827408
510.6762731,99.99870542,99.998215
510.8644908,99.99862438,99.9981433
511.0220441,99.99855442,99.99807283
511.0528472,99.99854063,99.99805788
511.2413426,99.99845647,99.99795763
511.429977,99.99837491,99.99784146
511.6187508,99.9982996,99.99770853
511.8076639,99.99823451,99.99755848
511.9967166,99.99818353,99.9973919
512.1242485,99.9981588,99.99727123
512.185909,99.99814992,99.99721087
512.3752413,99.99813577,99.99701972
512.5647136,99.99814165,99.99682583
512.7543261,99.99816648,99.99664023
512.9440789,99.9982078,99.99647752
513.1339723,99.99826217,99.99635467
513.2264529,99.99829221,99.9963144
513.3240063,99.99832575,99.99628831
513.514181,99.99839476,99.99629085
513.7044968,99.99846586,99.99636683
513.8949537,99.99853631,99.99651118
514.0855518,99.99860404,99.99671044
514.2762914,99.99866758,99.9969463
514.3286573,99.99868415,99.99701488
514.4671726,99.99872598,99.99719992
514.6581955,99.99877869,99.99745517
514.8493603,99.99882544,99.99770026
515.0406672,99.99886618,99.99792779
515.2321163,99.99890097,99.99813405
515.4237078,99.99892994,99.99831794
515.6154418,99.99895325,99.99848006
515.8073186,99.99897105,99.99862195
515.9993382,99.9989835,99.99874556
516.1915008,99.99899069,99.99885298
516.3838066,99.9989927,99.99894623
516.5330661,99.99899072,99.99900997
516.5762557,99.99898957,99.99902714
516.7688484,99.99898128,99.99909737
516.9615847,99.99896781,99.99915835
517.1544648,99.9989491,99.99921131
517.3474889,99.9989251,99.99925731
517.5406572,99.99889577,99.99929726
517.6352705,99.99887949,99.99931483
517.7339697,99.99886117,99.99933189
517.9274267,99.99882145,99.99936186
518.1210284,99.99877697,99.99938771
518.3147748,99.99872837,99.99940988
518.5086662,99.99867669,99.99942875
518.7027027,99.99862348,99.99944465
518.7374749,99.99861395,99.9994472
518.8968845,99.99857092,99.99945782
519.0912117,99.9985218,99.99946849
519.2856846,99.99847954,99.99947682
519.4803032,99.99844789,99.99948296
519.6750677,99.99843053,99.99948701
519.8396794,99.9984293,99.99948886
519.8699783,99.99843053,99.99948905
520.0650352,99.99844969,99.99948912
520.2602386,99.99848818,99.99948726
520.4555885,99.99854435,99.99948346
520.6510851,99.99861507,99.99947771
520.8467287,99.99869623,99.99946996
520.9418838,99.99873814,99.99946545
521.0425194,99.99878348,99.99946015
521.2384574,99.99887278,99.99944819
521.4345427,99.9989608,99.99943398
521.6307757,99.99904509,99.99941739
521.8271564,99.99912402,99.99939826
522.023685,99.99919669,99.99937642
522.2203617,99.99926274,99.99935167
522.4171866,99.99932223,99.99932381
522.61416,99.99937542,99.99929259
522.811282,99.99942275,99.99925778
523.0085527,99.99946471,99.99921912
523.1462926,99.99949109,99.99918973
523.2059724,99.99950183,99.99917636
523.4035412,99.9995346,99.99912929
523.6012592,99.99956349,99.9990777
523.7991266,99.99958894,99.99902149
523.9971437,99.99961131,99.99896063
524.1953105,99.99963096,99.99889524
524.248497,99.99963581,99.99887697
524.3936273,99.99964818,99.99882565
524.5920942,99.99966322,99.9987524
524.7907114,99.99967632,99.99867633
524.989479,99.99968766,99.99859863
525.1883973,99.99969741,99.99852081
525.3507014,99.99970427,99.99845853
525.3874663,99.9997057,99.9984447
525.5866863,99.99971265,99.99837238
525.7860575,99.99971837,99.99830606
525.98558,99.99972293,99.99824789
526.1852539,99.9997264,99.99819979
526.3850795,99.99972883,99.99816321
526.4529058,99.99972942,99.99815359
526.585057,99.99973025,99.998139
526.7851864,99.9997307,99.99812733
526.9854681,99.99973019,99.99812769
527.185902,99.99972872,99.99813894
527.3864885,99.9997263,99.99815955
527.5551102,99.9997235,99.99818276
527.5872277,99.99972289,99.99818769
527.7881198,99.99971849,99.99822144
527.9891649,99.99971305,99.99825893
528.1903633,99.99970654,99.99829848
528.391715,99.99969889,99.99833858
528.5932203,99.99969005,99.998378
528.6573146,99.99968697,99.99839022
528.7948794,99.99967994,99.99841573
528.9966924,99.99966847,99.99845098
529.1986595,99.99965557,99.99848314
529.4007809,99.99964114,99.99851177
529.6030567,99.99962506,99.99853654
529.759519,99.99961143,99.99855288
529.8054871,99.99960723,99.9985572
530.0080724,99.99958754,99.99857356
530.2108126,99.99956589,99.99858547
530.4137081,99.99954219,99.9985928
530.6167588,99.99951637,99.99859541
530.8199651,99.99948839,99.99859314
530.8617234,99.99948237,99.99859206
531.0233271,99.99945825,99.99858583
531.226845,99.99942602,99.99857324
531.4305189,99.99939186,99.99855512
531.634349,99.99935599,99.99853113
531.8383356,99.99931879,99.99850089
531.9639279,99.99929543,99.99847896
532.0424788,99.99928072,99.99846389
532.2467787,99.99924241,99.99841957
532.4512356,99.99920457,99.99836722
532.6558497,99.99916802,99.99830601
532.8606211,99.99913364,99.99823494
533.06555,99.99910228,99.99815283
533.2706365,99.99907472,99.99805828
533.4758809,99.9990516,99.99794963
533.6812834,99.99903337,99.9978249
533.8868441,99.99902022,99.99768178
534.0925633,99.99901208,99.99751751
534.1683367,99.9990103,99.99745109
534.298441,99.99900868,99.99732887
534.5044775,99.99900951,99.99711209
534.710673,99.99901395,99.99686278
534.9170276,99.99902128,99.9965759
535.1235415,99.99903074,99.99624579
535.2705411,99.99903837,99.99598124
535.330215,99.99904161,99.99586622
535.5370482,99.99905319,99.99543067
535.7440412,99.99906486,99.9949328
535.9511944,99.99907609,99.99436735
536.1585078,99.9990864,99.99373153
536.3659816,99.9990954,99.99302714
536.5736161,99.99910276,99.99226333
536.7814114,99.9991082,99.99145978
536.9893677,99.99911147,99.9906494
537.1974851,99.99911235,99.9898789
537.405764,99.99911064,99.98920537
537.4749499,99.99910947,99.9890135
537.6142044,99.99910614,99.98868772
537.8228066,99.99909864,99.98837406
538.0315708,99.99908792,99.98828954
538.240497,99.99907373,99.98842995
538.4495856,99.99905578,99.98876424
538.5771543,99.99904286,99.98904298
538.6588367,99.99903376,99.98924421
538.8682505,99.99900728,99.98981663
539.0778272,99.99897589,99.99043295
539.287567,99.99893908,99.99105474
539.4974701,99.99889621,99.99165494
539.6793587,99.99885365,99.99214399
539.7075366,99.99884657,99.9922167
539.9177667,99.99878929,99.99273105
540.1281607,99.99872336,99.99319459
540.3387188,99.99864761,99.99360749
540.549441,99.99856062,99.99397201
540.7603277,99.99846079,99.99429151
540.971379,99.99834622,99.99456976
541.1825951,99.99821475,99.99481057
541.3939762,99.99806391,99.99501754
541.6055225,99.997891,99.99519398
541.8172342,99.99769307,99.99534281
541.8837675,99.99762527,99.99538428
542.0291114,99.99746717,99.99546662
542.2411545,99.99721054,99.99556763
542.4533635,99.99692116,99.99564776
542.6657386,99.99659842,99.99570864
542.8782802,99.99624422,99.99575164
542.9859719,99.99605447,99.99576698
543.0909882,99.99586422,99.99577795
543.3038631,99.99546937,99.99578854
543.5169048,99.99507687,99.99578429
543.7301138,99.99471024,99.99576592
543.94349,99.99439727,99.99573411
544.0881764,99.99422995,99.99570523
544.1570338,99.99416572,99.99568948
544.3707453,99.99403739,99.99563266
544.5846248,99.99402263,99.9955643
544.7986724,99.99411777,99.99548513
545.0128883,99.9943066,99.99539599
545.1903808,99.99451682,99.99531535
545.2272727,99.9945651,99.99529789
545.4418259,99.99486718,99.99519202
545.656548,99.99518917,99.99507982
545.8714392,99.99551235,99.99496299
546.0864997,99.99582357,99.99484352
546.2925852,99.99610277,99.99472875
546.5171296,99.99638129,99.99460599
546.7326993,99.99662188,99.99449318
546.9484391,99.99683661,99.9943881
547.1643493,99.9970267,99.99429361
547.38043,99.99719391,99.99421241
547.5966814,99.9973402,99.99414693
547.8131038,99.99746755,99.99409914
548.0296973,99.99757785,99.99407045
548.2464622,99.99767282,99.99406159
548.4633985,99.997754,99.99407254
548.496994,99.99776542,99.99407597
548.6805067,99.99782274,99.99410261
548.8977868,99.99788022,99.99415042
549.115239,99.99792746,99.99421408
549.3328636,99.99796532,99.99429127
549.5506608,99.99799456,99.99437944
549.5991984,99.99799996,99.99440031
549.7686307,99.9980158,99.99447593
549.9867737,99.99802958,99.99457807
550.2050898,99.99803637,99.99468338
550.4235792,99.99803655,99.99478953
550.6422423,99.99803049,99.99489447
550.7014028,99.99802782,99.9949224
550.8610792,99.9980185,99.99499641
551.0800901,99.99800086,99.99509383
551.2992752,99.99797787,99.99518548
551.5186348,99.99794982,99.99527033
551.738169,99.99791702,99.99534755
551.8036072,99.99790639,99.99536899
551.957878,99.99787984,99.9954165
552.177762,99.9978387,99.99547665
552.3978214,99.99779406,99.9955276
552.6180562,99.9977465,99.995569
552.8384667,99.99769667,99.99560058
552.9058116,99.99768111,99.99560822
553.059053,99.99764533,99.99562207
553.2798155,99.99759334,99.99563323
553.5007543,99.99754164,99.99563381
553.7218696,99.99749126,99.99562352
553.9431616,99.99744327,99.99560206
554.008016,99.99742983,99.9955936
554.1646306,99.99739876,99.99556904
554.3862768,99.99735877,99.99552405
554.6081003,99.99732427,99.99546657
554.8301014,99.99729608,99.99539604
555.0522803,99.99727484,99.99531176
555.1102204,99.99727051,99.99528744
555.2746372,99.99726097,99.99521296
555.4971724,99.99725463,99.99509873
555.719886,99.99725573,99.99496805
555.9427782,99.99726393,99.99481975
556.1658493,99.99727868,99.99465251
556.2124248,99.99728251,99.99461508
556.3890995,99.99729921,99.99446483
556.612529,99.99732467,99.99425506
556.836138,99.99735408,99.99402133
557.0599268,99.99738645,99.99376158
557.2838955,99.99742077,99.99347354
557.3146293,99.99742558,99.99343169
557.5080443,99.99745609,99.99315471
557.7323736,99.99749151,99.99280239
557.9568834,99.99752622,99.99241368
558.1815741,99.99755949,99.99198548
558.4064458,99.99759068,99.99151457
558.6314988,99.99761924,99.99099767
558.8567333,99.99764468,99.99043152
559.0821494,99.99766659,99.98981301
559.3077475,99.99768463,99.98913943
559.5190381,99.99769772,99.98845726
559.7594903,99.99770787,99.98761938
559.9856354,99.99771254,99.98677172
560.2119634,99.99771225,99.9858674
560.4384743,99.99770676,99.98491031
560.6212425,99.99769838,99.98410451
560.6651685,99.99769582,99.98390694
560.8920462,99.99767918,99.98286676
561.1191076,99.99765655,99.98180246
561.3463529,99.99762762,99.98072995
561.5737823,99.99759204,99.97966801
561.7234469,99.99756482,99.97898546
561.8013961,99.99754941,99.97863757
562.0291944,99.99749927,99.97766061
562.2571776,99.99744114,99.97675867
562.4853458,99.99737442,99.97595123
562.7136993,99.99729847,99.97525413
562.8256513,99.99725766,99.97495638
562.9422383,99.99721254,99.97467829
563.1709629,99.99711581,99.97422885
563.3998735,99.99700733,99.97390505
563.6289703,99.99688606,99.97370058
563.8582535,99.99675082,99.97360454
563.9278557,99.99670683,99.97359474
564.0877233,99.99660029,99.97360266
564.3173799,99.99643304,99.97367859
564.5472236,99.99624745,99.97381518
564.7772546,99.99604179,99.9739955
565.0074732,99.99581416,99.97420365
565.2378795,99.99556255,99.97442526
565.4684738,99.99528484,99.97464775
565.6992563,99.99497884,99.97486041
565.9302273,99.9946424,99.9750544
566.1322645,99.99432177,99.975203
566.1613869,99.99427344,99.97522255
566.3927355,99.99387017,99.97535921
566.6242733,99.9934312,99.97546008
566.8560004,99.9929558,99.97552202
567.0879171,99.99244421,99.97554288
567.2344689,99.99210313,99.9755343
567.3200236,99.99189795,99.97552143
567.5523203,99.99132016,99.97545721
567.7848072,99.99071598,99.97535055
568.0174847,99.99009285,99.97520252
568.250353,99.98946059,99.97501496
568.3366733,99.98922642,99.97493594
568.4834123,99.9888314,99.97479052
568.7166629,99.98821941,99.97453276
568.9501049,99.98764,99.97424622
569.1837387,99.9871087,99.97393651
569.4175644,99.98663997,99.97361037
569.6515823,99.98624583,99.97327578
569.8857926,99.98593474,99.97294191
570.1201956,99.98571081,99.97261906
570.3547915,99.98557363,99.97231854
570.5410822,99.98552354,99.97210388
570.5895806,99.98551853,99.97205233
570.824563,99.98553734,99.97183274
571.0597391,99.98561945,99.97167189
571.295109,99.98575287,99.97158106
571.530673,99.98592527,99.97157009
571.6432866,99.98601791,99.97159538
571.7664314,99.9861248,99.97164668
572.0023843,99.98634062,99.97181587
572.2385321,99.98656329,99.9720796
572.4748749,99.98678485,99.97243655
572.7114131,99.98699881,99.97288214
572.745491,99.98702868,99.9729532
572.9481468,99.98720009,99.9734089
573.1850763,99.98738482,99.97400691
573.4222018,99.98755017,99.97466452
573.6595236,99.98769419,99.975369
573.8476954,99.98779231,99.97595184
573.8970419,99.98781564,99.97610733
574.134757,99.98791388,99.97686675
574.3726691,99.98798877,99.97763534
574.6107784,99.98804055,99.97840236
574.8490853,99.98806984,99.97915846
574.9498998,99.98807567,99.9794729
575.0875899,99.98807758,99.97989582
575.3262925,99.98806506,99.9806081
575.5651933,99.98803384,99.98129039
575.8042926,99.98798588,99.98193906
576.0435907,99.98792346,99.98255159
576.2830877,99.98784927,99.9831264
576.522784,99.98776641,99.98366268
576.7626797,99.98767841,99.98416026
577.0027752,99.98758923,99.98461942
577.1543086,99.9875343,99.98488953
577.2430707,99.98750318,99.98504079
577.4835663,99.98742492,99.98542527
577.7242625,99.98735932,99.98577389
577.9651594,99.9873113,99.98608781
578.2062572,99.98728567,99.9863682
578.256513,99.98728357,99.98642251
578.4475563,99.98728687,99.98661625
578.6890569,99.98731875,99.9868331
578.9307592,99.98738436,99.98701983
579.1726635,99.98748569,99.98717745
579.3587174,99.9875884,99.9872794
579.4147701,99.98762355,99.9873069
579.6570791,99.98779751,99.98740899
579.8995909,99.98800589,99.98748447
580.1423057,99.98824586,99.98753395
580.3852238,99.98851365,99.98755799
580.4609218,99.98860204,99.98756035
580.6283454,99.98880475,99.98755701
580.8716707,99.98911423,99.98753137
581.1152001,99.98943695,99.98748132
581.3589337,99.98976783,99.98740704
581.5631263,99.99004761,99.98732632
581.6028719,99.99010209,99.98730866
581.8470149,99.99043536,99.98718621
582.091363,99.99076378,99.98703969
582.3359163,99.9910841,99.98686908
582.5806753,99.99139362,99.98667431
582.6653307,99.9914977,99.98660135
582.8256401,99.99169024,99.98645531
583.0708109,99.99197235,99.98621204
583.3161882,99.99223883,99.98594448
583.561772,99.99248892,99.98565268
583.7675351,99.99268538,99.98538984
583.8075627,99.9927222,99.98533678
584.0535606,99.99293854,99.98499704
584.2997658,99.99313797,99.98463389
584.5461787,99.9933207,99.98424793
584.7927995,99.99348705,99.98384002
584.8697395,99.99353563,99.98370851
585.0396286,99.99363742,99.98341129
585.286666,99.99377223,99.98296317
585.5339122,99.99389195,99.98249746
585.7813674,99.99399703,99.98201636
585.9719439,99.99406821,99.98163724
586.0290318,99.99408791,99.98152244
586.2769057,99.99416501,99.98101874
586.5249894,99.99422872,99.98050871
586.7732832,99.99427936,99.97999619
587.0217872,99.99431724,99.97948541
587.0741483,99.99432362,99.97937849
587.2705018,99.99434261,99.97898091
587.5194273,99.99435567,99.9784874
587.7685639,99.99435657,99.97800976
588.0179119,99.99434542,99.97755278
588.1763527,99.9943321,99.97727546
588.2674715,99.99432225,99.9771211
588.517243,99.99428709,99.97671905
588.7672267,99.9942399,99.97635043
589.0174229,99.99418058,99.97601843
589.2678318,99.99410902,99.97572549
589.5184538,99.99402507,99.97547317
589.769289,99.99392853,99.97526217
590.0203377,99.9938192,99.97509221
590.2716003,99.99369685,99.97496213
590.3807615,99.99363961,99.9749176
590.5230769,99.99356123,99.97486994
590.7747679,99.99341212,99.97481285
591.0266736,99.99324929,99.97478747
591.2787942,99.99307255,99.97478986
591.4829659,99.99291924,99.97480917
591.53113,99.99288174,99.97481571
591.7836812,99.99267679,99.97486046
592.0364482,99.99245769,99.97491942
592.2894312,99.99222456,99.97498788
592.5426305,99.99197765,99.97506118
592.5851703,99.99193487,99.97507364
592.7960464,99.99171738,99.97513482
593.0496791,99.99144437,99.97520445
593.303529,99.99115946,99.97526599
593.5575962,99.99086376,99.97531554
593.6873747,99.99070908,99.97533503
593.8118812,99.99055865,99.97534947
594.0663841,99.99024582,99.97536437
594.3211053,99.98992729,99.97535704
594.576045,99.98960536,99.97532446
594.7895792,99.98933521,99.97527571
594.8312035,99.98928265,99.97526378
595.0865811,99.98896204,99.97517226
595.3421781,99.98864663,99.97504728
595.5979947,99.98833965,99.97488625
595.8540313,99.98804442,99.97468663
595.8917836,99.9880021,99.9746538
596.1102881,99.98776417,99.97444588
596.3667655,99.987502,99.97416143
596.6234636,99.98726073,99.97383066
596.8803828,99.98704277,99.97345088
596.993988,99.98695441,99.97326672
597.1375233,99.98685007,99.97301931
597.3948855,99.98668399,99.9725331
597.6524697,99.98654526,99.97198927
597.9102761,99.986434,99.97138477
598.0961924,99.98637057,99.9709098
598.168305,99.98634966,99.97071649
598.4265567,99.98629109,99.96998124
598.6850314,99.98625662,99.96917586
598.9437296,99.9862441,99.96829725
599.1983968,99.98625079,99.96735876
599.4617972,99.98627467,99.96630876
599.7211673,99.98631203,99.9651939
599.9807618,99.98636012,99.96399616
600.2405812,99.9864159,99.96271461
600.3006012,99.98642955,99.96240681
600.5006258,99.9864764,99.96134941
600.7608957,99.98653877,99.95990202
601.0213914,99.98660028,99.95837562
601.2821131,99.98665838,99.9567754
601.4028056,99.98668343,99.95601215
601.543061,99.98671068,99.95510899
601.8042356,99.98675499,99.95338677
602.0656371,99.98678926,99.95162223
602.3272657,99.98681159,99.94983216
602.50501,99.98681906,99.9486125
602.5891218,99.98682024,99.94803674
602.8512057,99.98681357,99.94625948
603.1135177,99.98679003,99.94452676
603.376058,99.98674815,99.9428673
603.6072144,99.986695,99.94149179
603.6388271,99.98668649,99.94131112
603.901825,99.98660368,99.93988833
604.1650523,99.98649832,99.93862774
604.4285091,99.98636902,99.93755524
604.6921958,99.98621436,99.93669235
604.9561127,99.98603291,99.93605487
605.22026,99.98582317,99.93565196
605.4846382,99.9855836,99.93548562
605.7492474,99.98531262,99.93555075
605.8116232,99.98524402,99.93559865
606.0140879,99.9850086,99.93583567
606.2791602,99.98466988,99.93632303
606.5444644,99.98429481,99.93699115
606.810001,99.98388173,99.93781533
606.9138277,99.98370964,99.93817412
607.0757701,99.98342908,99.93876928
607.3417722,99.9829354,99.93982642
607.6080074,99.98239944,99.94096096
607.8744762,99.98182026,99.94214869
608.0160321,99.98149502,99.9427932
608.1411788,99.98119732,99.94336761
608.4081155,99.98053066,99.94459826
608.6752867,99.97982104,99.94582383
608.9426926,99.97907013,99.9470302
609.1182365,99.97855641,99.94780546
609.2103335,99.97828075,99.94820576
609.4782099,99.97745706,99.94934121
609.7463219,99.97660478,99.95042931
610.0146699,99.97573137,99.95146464
610.2204409,99.97505361,99.95221972
610.2832542,99.97484616,99.95244328
610.5520752,99.97396038,99.95336259
610.821133,99.97308708,99.95422098
611.0904281,99.97224091,99.95501771
611.3226453,99.97154566,99.95565466
611.3599608,99.97143765,99.9557527
611.6297313,99.97069363,99.95642638
611.89974,99.97002495,99.95703959
612.1699872,99.96944661,99.95759344
612.4248497,99.96899599,99.9580622
612.7111984,99.96860991,99.9585286
612.982163,99.96836814,99.95891298
613.2533674,99.9682488,99.95924411
613.5248119,99.96825029,99.9595237
613.7964968,99.96836714,99.9597535
614.0684223,99.96859048,99.95993531
614.340589,99.96890873,99.96007097
614.612997,99.96930846,99.96016235
614.8856467,99.96977519,99.96021142
615.1585384,99.97029424,99.96022023
615.4316724,99.97085132,99.96019094
615.7050491,99.9714331,99.96012585
615.9786688,99.97202753,99.96002746
616.2525317,99.97262404,99.95989849
616.5266383,99.97321362,99.95974187
616.8009889,99.97378882,99.95956086
617.0755837,99.97434362,99.95935902
617.3504231,99.97487329,99.95914024
617.6255075,99.97537429,99.95890879
617.9008371,99.97584406,99.95866933
617.9358717,99.97590147,99.95863855
618.1764123,99.97628084,99.95842686
618.4522334,99.97668358,99.95818677
618.7283008,99.97705177,99.95795477
619.0046147,99.97738533,99.95773681
619.0380762,99.97742337,99.95771167
619.2811755,99.97768453,99.95753906
619.5579836,99.97794989,99.95736775
619.8350393,99.97818211,99.95722908
620.1123428,99.97838203,99.95712905
620.3898946,99.9785506,99.95707332
620.6676949,99.97868882,99.95706701
620.9457442,99.97879775,99.95711456
621.2240426,99.97887845,99.95721955
621.5025907,99.97893202,99.95738456
621.7813886,99.97895956,99.95761104
622.0604368,99.9789622,99.95789927
622.3397356,99.97894105,99.95824832
622.6192853,99.97889729,99.95865607
622.8990862,99.97883208,99.95911925
623.1791388,99.97874667,99.9596336
623.4468938,99.97864738,99.960168
623.74,99.97852042,99.9607946
624.0208094,99.97838241,99.96142911
624.3018717,99.97822984,99.96209091
624.5490982,99.97808508,99.96268974
624.5831873,99.97806442,99.96277326
624.8647566,99.977888,99.96346949
625.1465798,99.97770259,99.96417313
625.4286574,99.97751041,99.96487807
625.6513026,99.97735565,99.9654312
625.7109896,99.97731388,99.96557862
625.9935769,99.97711565,99.96626958
626.2764195,99.97691859,99.96694632
626.5595178,99.9767258,99.96760474
626.753507,99.97659795,99.96804317
626.8428722,99.97654058,99.96824133
627.126483,99.97636646,99.96885311
627.4103506,99.97620708,99.96943761
627.6944752,99.97606623,99.96999283
627.8557114,99.97599602,99.97029406
627.9788573,99.97594769,99.97051719
628.2634972,99.97585525,99.97100953
628.5483952,99.97579253,99.97146897
628.8335518,99.9757629,99.97189498
628.9579158,99.97576112,99.97207009
629.1189672,99.97576938,99.97228722
629.4046418,99.97581452,99.9726456
629.6905759,99.97590027,99.97297019
629.97677,99.97602793,99.97326117
630.0601202,99.97607305,99.9733396
630.2632244,99.97619802,99.97351888
630.5499393,99.97641029,99.9737437
630.8369153,99.97666365,99.97393611
631.1241526,99.97695624,99.97409661
631.1623246,99.97699792,99.97411556
631.4116516,99.97728545,99.97422576
631.6994126,99.97764801,99.97432414
631.987436,99.97804012,99.97439231
632.2645291,99.97844091,99.97442992
632.5642716,99.97889574,99.97444043
632.8530844,99.97935009,99.97442155
633.1421611,99.9798159,99.97437482
633.3667335,99.98018247,99.97431972
633.431502,99.98028862,99.97430082
633.7211074,99.98076389,99.97420012
634.0109778,99.98123764,99.97407327
634.3011135,99.98170616,99.97392083
634.4689379,99.98197327,99.97382125
634.5915149,99.98216612,99.97374333
634.8821823,99.98261458,99.97354131
635.1731161,99.98304904,99.9733153
635.4643166,99.98346737,99.97306582
635.5711423,99.98361634,99.97296858
635.7557843,99.98386782,99.9727934
636.0475195,99.984249,99.97249855
636.3395225,99.98460982,99.97218179
636.6317938,99.98494946,99.97184365
636.6733467,99.98499597,99.97179389
636.9243337,99.98526736,99.97148464
637.2171426,99.98556315,99.97110529
637.5102208,99.98583662,99.97070614
637.7755511,99.9860647,99.97032851
638.0971867,99.98631646,99.9698507
638.3910752,99.986523,99.96939556
638.6852345,99.9867075,99.968923
638.8777555,99.98681636,99.96860484
638.979665,99.98687021,99.96843368
639.2743671,99.98701135,99.96792834
639.5693412,99.9871312,99.96740779
639.8645876,99.98723,99.96687293
639.9799599,99.98726293,99.96666038
640.1601067,99.98730801,99.96632475
640.455899,99.98736545,99.96576439
640.7519647,99.98740252,99.9651931
641.0483042,99.9874194,99.96461232
641.344918,99.98741623,99.96402368
641.6418064,99.98739313,99.96342898
641.9389698,99.98735017,99.9628303
642.1843687,99.98729982,99.96233495
642.2364086,99.98728741,99.96222993
642.5341231,99.98720486,99.96163043
642.8321138,99.98710251,99.9610346
643.130381,99.98698033,99.96044553
643.2865731,99.98690847,99.96014108
643.4289251,99.98683825,99.95986655
643.7277465,99.98667621,99.95930122
644.0268456,99.98649411,99.95875328
644.3262228,99.98629188,99.95822665
644.3887776,99.98624709,99.95811973
644.6258785,99.98606941,99.95772533
644.925813,99.98582663,99.95725334
645.2260267,99.98556347,99.95681465
645.490982,99.9853145,99.9564585
645.8272934,99.98497593,99.95605217
646.1283472,99.98465159,99.95573514
646.4296818,99.98430699,99.95546475
646.5931864,99.98411173,99.95533844
646.7312976,99.9839423,99.95524318
647.033195,99.98355777,99.95507203
647.3353744,99.98315375,99.95495216
647.6378362,99.98273069,99.95488372
647.6953908,99.98264813,99.95487648
647.9405807,99.98228917,99.95486606
648.2436084,99.9818299,99.95489781
648.5469197,99.98135372,99.95497681
648.7975952,99.98094848,99.95507569
648.8505149,99.98086165,99.95510026
649.1543945,99.98035488,99.95526471
649.4585589,99.97983478,99.9554662
649.7630085,99.97930292,99.95570034
649.8997996,99.97906075,99.95581484
650.0677436,99.97876108,99.95596239
650.3727647,99.97821128,99.95624741
650.6780722,99.97765573,99.95655036
650.9836664,99.97709692,99.95686616
651.2895479,99.97653753,99.9571898
651.5957169,99.97598052,99.95751645
651.9021739,99.97542903,99.95784145
652.1042084,99.9750704,99.95805252
652.2089193,99.97488646,99.95816043
652.5159536,99.97435638,99.95846931
652.823277,99.97384252,99.95876431
653.1308901,99.97334873,99.959042
653.2064128,99.97323108,99.95910714
653.4387931,99.97287894,99.95929929
653.7469867,99.97243711,99.95953339
654.0554711,99.97202708,99.95974187
654.3086172,99.97171727,99.95989217
654.3642467,99.97165262,99.95992258
654.6733141,99.9713172,99.96007366
654.9826735,99.97102401,99.96019352
655.2923255,99.97077581,99.96028083
655.4108216,99.97069327,99.96030537
655.6022703,99.97057484,99.96033447
655.9125085,99.97042277,99.96035355
656.2230405,99.9703206,99.96033735
656.5130261,99.97027055,99.96028996
656.8449874,99.97026641,99.96019715
657.1564031,99.97031278,99.96007255
657.4681143,99.97040585,99.95991145
657.6152305,99.97046523,99.95982281
657.7801213,99.97054304,99.95971388
658.0924246,99.97072118,99.95948001
658.4050245,99.9709366,99.95921009
658.7174349,99.97118476,99.95890499
659.0311163,99.97146248,99.95856368
659.3446089,99.97176388,99.95818821
659.6583999,99.97208466,99.95777871
659.8196393,99.97225536,99.95755546
659.9724897,99.97242008,99.9573359
660.2868787,99.97276551,99.95686055
660.6015675,99.97311647,99.95635348
660.9165563,99.97346872,99.95581556
661.2318456,99.97381828,99.95524767
661.547436,99.97416147,99.95465071
661.8633277,99.97449496,99.95402558
662.0240481,99.9746598,99.95369721
662.1795212,99.97481571,99.95337311
662.496017,99.97512102,99.95269411
662.8128155,99.97540851,99.95198929
663.1262525,99.97567312,99.95126785
663.4473222,99.97592192,99.95050455
663.7650314,99.97614444,99.94972546
664.083045,99.97634229,99.94892216
664.2284569,99.97642416,99.94854706
664.4013634,99.97651431,99.94809464
664.7199872,99.9766595,99.94724266
665.0389167,99.976777,99.94636576
665.3306613,99.97685955,99.94554198
665.6776948,99.97692613,99.94453425
665.9975442,99.97695656,99.94357757
666.3177011,99.9769569,99.94259185
666.4328657,99.97694959,99.9422301
666.638166,99.97692671,99.94157549
666.9589393,99.97686558,99.9405267
667.2800214,99.97677314,99.93944352
667.5350701,99.97667726,99.93855798
667.6014128,99.97664905,99.93832385
667.923114,99.97649297,99.93716547
668.2451253,99.9763046,99.93596609
668.5674473,99.97608363,99.93472342
668.6372745,99.97603147,99.93444844
668.8900804,99.97582978,99.93343516
669.2130251,99.9755428,99.9320991
669.5362817,99.97522244,99.93071319
669.739479,99.97500407,99.92981636
669.8598507,99.9748685,99.92927556
670.1837327,99.9744808,99.9277846
670.507928,99.97405921,99.92623906
670.8324371,99.97360365,99.9246381
671.1572605,99.97311408,99.92298135
671.4823985,99.97259054,99.921269
671.8078518,99.97203315,99.91950191
671.9438878,99.97179033,99.91874792
672.1336207,99.97144207,99.9176816
672.4597057,99.97081756,99.91581037
672.7861072,99.97015996,99.91389138
673.0460922,99.96961326,99.91233269
673.1128258,99.96946969,99.91192861
673.4398618,99.96874724,99.90992695
673.7672158,99.96799316,99.90789219
674.0948881,99.96720808,99.90583101
674.1482966,99.9670773,99.90549324
674.4228794,99.96639266,99.90375092
674.75119,99.96554762,99.90166018
675.0798203,99.96467367,99.89956772
675.250501,99.96420895,99.89848419
675.408771,99.96377154,99.89748297
675.7380424,99.96284192,99.89541575
676.0676349,99.96188548,99.89337598
676.3527054,99.96103787,99.89164309
676.3975492,99.96090285,99.89137357
676.7277856,99.95989454,99.88941812
677.0583446,99.95886104,99.88751872
677.3892268,99.95780271,99.88568372
677.4549098,99.95758982,99.88532799
677.7204324,99.95671984,99.88392053
678.0519622,99.95561263,99.88223543
678.3838164,99.95448122,99.88063342
678.5571142,99.95388124,99.87983173
678.7159956,99.95332569,99.87911815
679.0485004,99.95214611,99.87769185
679.381331,99.95094257,99.87635531
679.6593186,99.94992002,99.87530834
679.7144881,99.94971523,99.87510797
680.0479721,99.94846433,99.87394799
680.3817835,99.94719033,99.87287238
680.7159227,99.9458939,99.87187718
680.761523,99.94571538,99.87174742
681.0503903,99.94457601,99.87095763
681.3851868,99.94323801,99.87010838
681.7203126,99.94188166,99.86932367
681.8637275,99.94129657,99.86900634
682.0557682,99.94050924,99.86859759
682.3915541,99.93912354,99.86792417
682.7276708,99.93772795,99.86729764
682.9659319,99.93673567,99.86687926
683.0641187,99.93632646,99.86671254
683.4008984,99.93492369,99.8661638
683.7380104,99.93352482,99.86564691
684.0681363,99.9321656,99.86516827
684.4132331,99.93076235,99.86469357
684.7513448,99.92941161,99.86425111
685.0897908,99.92809031,99.86382851
685.1703407,99.92778113,99.86373075
685.4285714,99.92680543,99.86342429
685.7676873,99.9255639,99.86303748
686.1071389,99.92437239,99.86266757
686.2725451,99.92381222,99.8624935
686.4469268,99.92323711,99.86231437
686.7870513,99.92216358,99.86197795
687.1275131,99.9211565,99.86165851
687.3747495,99.92046954,99.86143747
687.4683126,99.92021955,99.86135623
687.8094503,99.91935525,99.8610712
688.1509267,99.91856485,99.86080326
688.4769539,99.9178798,99.86056313
688.8348978,99.91720434,99.86031611
689.1773935,99.91663024,99.86009441
689.5202299,99.91612224,99.85988466
689.5791583,99.91604128,99.85984963
689.8634076,99.91567544,99.85968401
690.2069271,99.91528407,99.85948891
690.5507888,99.91494158,99.85929505
690.6813627,99.91482296,99.85922078
690.8949934,99.91464091,99.85909736
691.2395412,99.91437459,99.85889005
691.5844329,99.91413502,99.85866659
691.7835671,99.91400599,99.85852754
691.9296689,99.91391458,99.85841979
692.2752497,99.91370581,99.85814184
692.6211759,99.91350155,99.85782435
692.8857715,99.91334431,99.85754958
692.9674481,99.91329509,99.85745845
693.3140666,99.91308022,99.8570348
693.661032,99.91285134,99.8565437
693.987976,99.91261863,99.85601074
694.3560058,99.91233247,99.85531863
694.7040151,99.91203473,99.85456378
695.0523735,99.91170752,99.85369974
695.4010814,99.91134878,99.85271553
695.7501394,99.9109572,99.85159999
696.099548,99.91053216,99.8503418
696.1923848,99.91041366,99.84998229
696.4493077,99.91007368,99.84892945
696.7994191,99.90958244,99.84735123
697.1498826,99.90905966,99.84559525
697.2945892,99.90883515,99.84481608
697.5006989,99.90850708,99.84364938
697.8518684,99.90792687,99.84150126
698.2033917,99.90732157,99.83913828
698.3967936,99.90697913,99.83774303
698.5552693,99.90669399,99.83654753
698.9075018,99.9060471,99.83371584
699.2600897,99.90538395,99.83062974
699.498998,99.90492729,99.82838903
699.6130335,99.90470755,99.82727547
699.9663337,99.90402076,99.82363903
700.319991,99.90332617,99.81970618
700.6012024,99.9027703,99.81636097
700.6740058,99.902626,99.81546252
701.0283788,99.90192198,99.81089355
701.3831103,99.90121525,99.80598479
701.7034068,99.90057584,99.80125342
702.0936515,99.89979487,99.79509093
702.4494622,99.8990799,99.78907835
702.8056112,99.89835953,99.7826719
703.1621667,99.89763088,99.77585871
703.5190616,99.89689047,99.76862984
703.8763189,99.89613382,99.76097649
704.2339393,99.89535566,99.75289253
704.5919232,99.89454995,99.74437459
704.9502712,99.89370995,99.73542259
705.01002,99.89356614,99.73388888
705.308984,99.89282827,99.72604028
705.668062,99.89189689,99.71623591
706.0275058,99.8909073,99.70602275
706.1122244,99.89066477,99.70355954
706.387316,99.8898505,99.69541979
706.7474931,99.88871708,99.68445223
707.1080376,99.88749726,99.67315206
707.2144289,99.88711959,99.66976178
707.4689503,99.88618096,99.66155846
707.8302315,99.88475779,99.6497181
708.1918819,99.88321714,99.63768531
708.3166333,99.88265687,99.63350385
708.5539021,99.88154815,99.62552203
708.9162925,99.87973976,99.61329753
709.2790539,99.87778074,99.60108786
709.4188377,99.8769838,99.5964076
709.6421867,99.87565963,99.58897512
710.0056915,99.87336488,99.57704631
710.3695689,99.87088474,99.56539203
710.5210421,99.86979566,99.56064694
710.7338195,99.86820737,99.55410484
711.0984438,99.86532086,99.54327745
711.4634425,99.86221325,99.53300077
711.6232465,99.8607811,99.52870032
711.828816,99.85887262,99.52336177
712.194565,99.85528717,99.51444146
712.56069,99.8514453,99.50631281
712.7254509,99.84963112,99.50293279
712.9271917,99.84733578,99.49903895
713.2940706,99.84294786,99.49267148
713.6613272,99.83827151,99.48724922
713.8276553,99.8360579,99.48511328
714.0289623,99.83329759,99.48279723
714.3969763,99.82801818,99.47932634
714.7653699,99.82242678,99.47683297
714.9298597,99.8198301,99.47603174
715.1341435,99.81651875,99.47529955
715.503298,99.81029157,99.47469519
715.8728337,99.8037453,99.47497675
716.0320641,99.80082901,99.47535772
716.2427513,99.79688298,99.47609026
716.6130515,99.78971102,99.47797244
716.9837347,99.78223969,99.4805525
717.1342685,99.77912557,99.48178119
717.3548016,99.77448347,99.48375386
717.7262528,99.76646145,99.487496
718.0980889,99.75819765,99.49169615
718.2364729,99.75506839,99.49335819
718.4703104,99.74972128,99.49627089
718.8429181,99.74106687,99.50113756
719.2159124,99.73227429,99.50621547
719.3386774,99.72935967,99.50791852
719.589294,99.72338866,99.51142697
719.9630634,99.71446006,99.51669819
720.3372214,99.70554308,99.52195966
720.4408818,99.70308409,99.52340586
720.7117684,99.69669624,99.52714669
721.0867052,99.6879812,99.53219958
721.4620323,99.67946179,99.53706368
721.5430862,99.6776551,99.53808377
721.8377503,99.671203,99.54168933
722.2138598,99.66326975,99.54603164
722.5903614,99.65572567,99.55005026
722.6452906,99.65466189,99.55060695
722.9672559,99.6486318,99.55370905
723.3445437,99.64204532,99.55697571
723.7222254,99.63601832,99.5598214
724.1003018,99.63059665,99.56222033
724.4787734,99.62581896,99.5641494
724.8496994,99.62179465,99.56556286
725.2369048,99.61830889,99.56651679
725.6165658,99.61561092,99.56691906
725.9519038,99.61382177,99.56682396
726.3770816,99.61234499,99.56608133
726.7579377,99.61175535,99.56481277
727.0541082,99.61175864,99.56342463
727.1391933,99.61183191,99.56296006
727.5208491,99.61254237,99.56051076
727.9029058,99.6138471,99.55745298
728.1563126,99.61501688,99.55508584
728.285364,99.61570014,99.55377541
728.6682243,99.61805025,99.54946729
729.0514873,99.62084203,99.54451856
729.258517,99.62251193,99.54157805
729.4351538,99.62401708,99.53891996
729.8192242,99.62751516,99.53266326
730.2036994,99.63127522,99.52574151
730.3607214,99.63287095,99.52272433
730.5885798,99.6352365,99.51814934
730.9738662,99.63933933,99.5098834
731.3595591,99.64352596,99.50094274
731.4629259,99.64465431,99.49843385
731.7456593,99.64774118,99.49132934
732.1321674,99.6519328,99.48104866
732.519084,99.65605198,99.47011025
732.9064097,99.66005349,99.45852834
733.2941453,99.66389573,99.44632259
733.6673347,99.66740449,99.4340225
734.0708485,99.67095431,99.42014891
734.4598175,99.67410528,99.406253
734.7695391,99.67640575,99.39485428
734.8491989,99.67696584,99.39187842
735.2389933,99.67951101,99.37708088
735.6292016,99.68171839,99.36192465
735.8717435,99.68291026,99.35236321
736.0198242,99.68356781,99.34648257
736.4108619,99.68504109,99.33083602
736.8023153,99.68612169,99.31507445
736.9739479,99.68646748,99.30815741
737.1941851,99.68679442,99.29929478
737.5864719,99.68704522,99.28360045
737.9791765,99.68686086,99.26810015
738.0761523,99.68674695,99.26431774
738.3722995,99.68622876,99.25290631
738.7658415,99.68513681,99.23813332
739.1598033,99.68357324,99.22389553
739.5541854,99.68152647,99.21030511
739.9489887,99.6789851,99.19746981
740.2805611,99.67646301,99.1873574
740.3442136,99.67593783,99.18549076
740.7398611,99.67237353,99.17446033
741.1359316,99.66828128,99.16446018
741.3827655,99.66546176,99.15878505
741.5324258,99.6636505,99.15555957
741.9293446,99.65847111,99.14781396
742.3266885,99.6527338,99.14126401
742.4849699,99.65029294,99.13899562
742.7244582,99.64643029,99.13593496
743.1226544,99.63955368,99.13183642
743.5212779,99.63209892,99.12896257
743.5871743,99.63081146,99.12860443
743.9203292,99.62406327,99.12729269
744.3198091,99.61544691,99.12679211
744.6893788,99.60697069,99.12732814
745.1200573,99.59649094,99.12909728
745.5208271,99.58617211,99.13177523
745.7915832,99.57890174,99.1341061
745.9220282,99.5753156,99.13537004
746.3236614,99.56394657,99.139798
746.7257273,99.55209753,99.14497052
746.8937876,99.54701578,99.14732952
747.1282266,99.53980905,99.15079567
747.5311601,99.52713047,99.15717975
747.9345284,99.51412044,99.16402868
747.995992,99.51211434,99.16510654
748.3383323,99.50084724,99.17124924
748.7425725,99.48738896,99.1787502
749.0981964,99.47547774,99.18550385
749.1472496,99.47383333,99.1864433
749.5523644,99.46027721,99.194244
749.9579175,99.44682576,99.20207215
750.2004008,99.43888603,99.20673042
750.3639098,99.43359118,99.20985251
750.7703418,99.42069102,99.21751508
751.1772144,99.40824614,99.2249954
751.3026052,99.40452415,99.22725309
751.5845283,99.3963783,99.23223465
751.992284,99.38520748,99.23917973
752.4004825,99.37484901,99.24578328
752.8091244,99.36541065,99.25200353
753.2182104,99.35698971,99.25780429
753.507014,99.35170837,99.26162646
753.6277412,99.34967035,99.26315473
754.0377176,99.34352134,99.26802927
754.4481403,99.33859411,99.27240744
754.6092184,99.33700309,99.27398538
754.85901,99.33492144,99.27627369
755.2703275,99.33251677,99.2796173
755.6820935,99.33137411,99.28243224
756.0943087,99.33146857,99.28471711
756.5069739,99.33275748,99.28647505
756.8136273,99.33445269,99.2874437
756.9200898,99.33518202,99.28771372
757.3336571,99.33866925,99.28844528
757.7476766,99.34313435,99.28868637
757.9158317,99.34520414,99.28864898
758.162149,99.34848314,99.28845813
758.5770751,99.35461458,99.28778622
758.9924556,99.36142324,99.28670074
759.4082912,99.36880163,99.28523625
759.8245828,99.37664236,99.28343163
760.1202405,99.38242829,99.28196827
760.241331,99.38483997,99.2813299
760.6585366,99.39329252,99.278978
761.0762004,99.40190294,99.27642639
761.2224449,99.40493584,99.27549627
761.494323,99.41057995,99.27372861
761.9129054,99.41923883,99.27094064
762.3246493,99.42765401,99.26816921
762.7514522,99.43619855,99.26532568
763.1714181,99.44436572,99.26261548
763.4268537,99.44919263,99.26103398
763.5918467,99.45224733,99.26004657
764.0127389,99.45979428,99.25767344
764.4340952,99.46696409,99.25554683
764.5290581,99.46852302,99.25510668
764.8559166,99.47372047,99.25371251
765.2782038,99.48003292,99.25221013
765.6312625,99.48494659,99.25123344
765.7009575,99.48587629,99.25107212
766.1241786,99.49123032,99.25032282
766.5478678,99.49607926,99.24997779
766.7334669,99.49803962,99.24995594
766.9720258,99.50041143,99.25004339
767.3966535,99.50421896,99.25051658
767.8217517,99.50749741,99.25138508
768.2473211,99.51024558,99.25262772
768.6733625,99.51246531,99.25421512
768.9378758,99.51357862,99.25535718
769.0998767,99.51416135,99.25611049
769.5268645,99.51534128,99.25827075
769.9543266,99.51601547,99.26064756
770.0400802,99.51609089,99.26114556
770.3822639,99.51619714,99.26318864
770.8106772,99.51590236,99.26583891
771.1422846,99.51535973,99.26792729
771.2395672,99.5151502,99.26854174
771.6689348,99.51396277,99.27124003
772.0987807,99.51236542,99.27387726
772.244489,99.51173638,99.27474691
772.5291058,99.51038677,99.27639832
772.9599108,99.50805884,99.27875035
773.3466934,99.50570293,99.28067481
773.8229638,99.50250031,99.28275031
774.2552135,99.49935069,99.2843084
774.4488978,99.49787693,99.28489536
774.6879463,99.49601344,99.28551837
775.1211632,99.49253649,99.28634514
775.5511022,99.48900124,99.28675608
775.989052,99.48536604,99.28672967
776.4237256,99.48177714,99.28623829
776.6533066,99.47990724,99.28578587
776.8588865,99.47825606,99.28526538
777.2945355,99.47485449,99.28379682
777.7306733,99.47162193,99.28182266
778.1673009,99.46860457,99.27933706
778.6044189,99.46584417,99.27633834
778.8577154,99.46437794,99.27436848
779.0420284,99.46337689,99.27282899
779.48013,99.46123239,99.2688158
779.9187246,99.45943294,99.26430991
780.3578131,99.4579929,99.25932697
780.7973963,99.45691831,99.25388732
781.0621242,99.45644722,99.25040464
781.2374749,99.45620685,99.24801619
781.67805,99.45584804,99.2417439
782.1191223,99.45582367,99.23510611
782.5606926,99.45610851,99.22814402
783.0027617,99.45667121,99.22090459
783.2665331,99.457124,99.2164785
783.4453307,99.45747527,99.21344075
783.8884002,99.45848019,99.20581148
784.3319711,99.45964257,99.19808191
784.7760443,99.46091726,99.19032324
785.2206206,99.4622584,99.18261261
785.4709419,99.46302493,99.17832692
785.665701,99.46362041,99.1750328
786.1112862,99.46495879,99.1676717
786.557377,99.46623092,99.16062166
787.0039745,99.46739659,99.15397856
787.4510794,99.46841848,99.14784071
787.6753507,99.46886573,99.14498575
787.8986926,99.46926254,99.14230742
788.346815,99.46989815,99.13747744
788.7775551,99.47028723,99.13359128
789.2445907,99.47043995,99.1303083
789.6942457,99.47030334,99.12814641
789.8797595,99.47016221,99.12755786
790.1444135,99.46987271,99.12703809
790.5950947,99.46913592,99.1270491
790.9819639,99.46825368,99.12799047
791.0462904,99.46808437,99.12823231
791.4980014,99.46671306,99.13062584
791.9502285,99.46502043,99.13425164
792.0841683,99.46445805,99.13556219
792.4029727,99.46300838,99.13911438
792.8562349,99.46068222,99.14520086
793.1863727,99.45879703,99.15038173
793.3100159,99.45805067,99.15248
793.7643166,99.45512586,99.1609033
794.219138,99.4519234,99.17040596
794.2885772,99.45141154,99.17194588
794.6744808,99.44846241,99.1809084
795.1303461,99.4447656,99.19231824
795.3907816,99.44255978,99.19919843
795.5867347,99.44085935,99.20453265
796.0436475,99.43677381,99.21744088
796.492986,99.4326189,99.2306839
796.9590494,99.42820478,99.24487199
797.4175403,99.42380112,99.25915733
797.5951904,99.42208829,99.26475432
797.876559,99.41937786,99.27366618
798.3361065,99.41498481,99.28828594
798.6973948,99.41159058,99.29977595
798.7961836,99.4106756,99.30290984
799.2567914,99.40650741,99.31743823
799.7179306,99.40254071,99.33177957
799.7995992,99.40186441,99.33429184
800.1796023,99.39883873,99.34585108
800.6418073,99.39546686,99.35957907
800.9018036,99.39374175,99.36711893
801.1045466,99.39249187,99.37289898
801.5678211,99.3899809,99.38575523
802.004008,99.38810222,99.39738103
802.4959794,99.38661458,99.40989717
802.9608651,99.38588441,99.42111289
803.1062124,99.38579968,99.42449382
803.4262897,99.38586561,99.43172384
803.8922542,99.38660725,99.44171209
804.2084168,99.38756352,99.44812213
804.3587594,99.38815016,99.45106542
804.8258065,99.39052539,99.45977662
805.2933962,99.39375288,99.46784295
805.7615295,99.39784044,99.47526562
806.2302075,99.40278295,99.4820493
806.4128257,99.40493492,99.48451915
806.6994309,99.40856203,99.48820171
807.1692009,99.41514615,99.49373329
807.5150301,99.42047676,99.4974126
807.6395183,99.42249116,99.49865696
808.1103841,99.43054122,99.50298785
808.5817993,99.43923022,99.5067432
809.0537648,99.44848342,99.50994226
809.5262816,99.45821938,99.51260623
809.7194389,99.46231511,99.51354569
809.9993507,99.46835203,99.51475828
810.472973,99.47879274,99.51642357
810.8216433,99.48661586,99.51735339
810.9471495,99.48945239,99.51762929
811.4218811,99.50024318,99.51840475
811.8971689,99.51108038,99.51878141
812.3730138,99.52188366,99.51879297
812.8494168,99.53257825,99.51847533
813.0260521,99.53649875,99.51828166
813.3263789,99.54309571,99.51786659
813.8039011,99.55337449,99.51700697
814.1282565,99.56018553,99.51630212
814.2819843,99.56336016,99.51593859
814.7606296,99.57300548,99.51470526
815.2304609,99.58209287,99.51337938
815.7196103,99.59112071,99.51192491
816.1999477,99.59952977,99.51046996
816.3326653,99.60177068,99.51006949
816.6808511,99.60747583,99.5090329
817.1623215,99.61494256,99.50765816
817.4348697,99.6189486,99.5069244
817.64436,99.62191832,99.50638808
818.1269675,99.62839557,99.50526201
818.5370741,99.63349956,99.50444566
818.610145,99.63437038,99.50431535
819.0938936,99.63984193,99.50357875
819.5782143,99.64481209,99.50307727
819.6392786,99.64540294,99.50303178
820.0631081,99.64928503,99.50282968
820.5485759,99.65326693,99.50284801
820.741483,99.65471341,99.50293036
821.0346189,99.65676571,99.50313714
821.5212381,99.65979082,99.50369474
821.8436874,99.66153807,99.50420718
822.0084344,99.66235314,99.5045113
822.4962089,99.66446485,99.5055705
822.9458918,99.6660225,99.50674105
823.4734966,99.66739172,99.50832048
823.9630119,99.66823784,99.5099497
824.0480962,99.66834469,99.51024613
824.4531095,99.66869543,99.51170012
824.9437905,99.66878369,99.51353145
825.1503006,99.66871547,99.51431554
825.4350559,99.66852352,99.51540129
825.9269068,99.66793767,99.51726594
826.252505,99.6673833,99.51847477
826.4193442,99.6670509,99.51908135
826.9123691,99.66589004,99.52080374
827.3547094,99.66464058,99.52223317
827.9001858,99.66286438,99.52379987
828.3949797,99.66106422,99.52499296
828.4569138,99.66082809,99.52512509
828.8903654,99.6591191,99.52593251
829.386344,99.65706627,99.5265839
829.5591182,99.65633355,99.52673707
829.8829164,99.65494446,99.52691514
830.3800839,99.65279343,99.52689699
830.6613226,99.65158003,99.52672208
830.8778473,99.65065332,99.52650297
831.3762079,99.64856399,99.52570942
831.7635271,99.64700176,99.52480444
831.8751667,99.64656424,99.52449548
832.3747248,99.64469086,99.52284309
832.8657315,99.64300747,99.52077971
833.375643,99.64145506,99.51816501
833.8770053,99.64014817,99.51511759
833.9679359,99.63993606,99.51451385
834.3789713,99.63907708,99.51158848
834.881542,99.63825571,99.50757464
835.0701403,99.63801382,99.50594463
835.3847184,99.63769146,99.50307646
835.8885017,99.63738502,99.49809808
836.1723447,99.63732394,99.49508748
836.3928931,99.63733035,99.49264772
836.8978935,99.63751491,99.48673803
837.2745491,99.63779709,99.48204652
837.4035041,99.63792009,99.48038651
837.909726,99.63852188,99.47361596
838.3767535,99.63922582,99.46703045
838.9240081,99.64019669,99.4589384
839.4320705,99.64120182,99.4511077
839.9407487,99.64226959,99.44301146
840.4500438,99.64336152,99.43470562
840.5811623,99.64364161,99.43254256
840.9599569,99.64443884,99.42625366
841.470489,99.64546319,99.41772658
841.6833667,99.6458654,99.4141703
841.9816415,99.64639724,99.40920276
842.4934153,99.64720516,99.40076746
842.7855711,99.64759636,99.39603108
843.0058116,99.64785305,99.39251208
843.5188316,99.64830918,99.38453315
843.8877756,99.64850199,99.37902761
844.0324763,99.6485442,99.3769309
844.546747,99.64853127,99.36980762
844.98998,99.6483029,99.36413713
845.0616448,99.64824609,99.36326564
845.5771707,99.64766696,99.35740504
846.0921844,99.64677707,99.35233161
846.610112,99.64555289,99.34810272
847.1275295,99.64398742,99.34482798
847.1943888,99.6437596,99.34447752
847.6455799,99.64206691,99.34256378
848.1642643,99.6397826,99.34136278
848.2965932,99.63914127,99.3412315
848.6835839,99.63712839,99.34126196
849.2035398,99.63410105,99.3422814
849.3987976,99.63286873,99.34295403
849.7241332,99.63070031,99.34442374
850.2453653,99.62692913,99.34767408
850.501002,99.62494784,99.34966222
850.7672373,99.62279397,99.35200066
851.2897502,99.61830509,99.35735596
851.6032064,99.61545113,99.3610334
851.8129054,99.61347691,99.36367835
852.336704,99.60832847,99.37089411
852.7054108,99.6045292,99.37645826
852.8611472,99.60288379,99.37891973
853.3862361,99.59717232,99.38766439
853.8076152,99.59242497,99.39512888
853.9119721,99.59122939,99.39703237
854.4383562,99.58509658,99.40692551
854.9098196,99.57948832,99.41614067
855.4930737,99.5724605,99.42789544
856.012024,99.56618699,99.43858761
856.5503982,99.55973011,99.44981814
857.0800412,99.5535041,99.46092024
857.6103396,99.54747592,99.47201322
858.1412946,99.54173036,99.48302885
858.2164329,99.54094571,99.4845768
858.6729075,99.53635554,99.49390648
859.2051794,99.53144123,99.50459309
859.3186373,99.53046254,99.50684016
859.7381116,99.52707691,99.51504322
860.2717054,99.52334955,99.52521874
860.4208417,99.52243368,99.52800703
860.8059619,99.52034118,99.53508848
861.3408824,99.51812636,99.54462791
861.5230461,99.51756552,99.54779505
861.8764681,99.51676971,99.55381867
862.4127204,99.51632363,99.56264812
862.6252505,99.51640758,99.56604276
862.9496403,99.51682623,99.57110892
863.4872292,99.51829984,99.57919861
863.7274549,99.51927336,99.58269084
864.0254883,99.52075001,99.58691918
864.5644189,99.52416511,99.59427672
864.8296593,99.52619016,99.59776416
865.1040222,99.52851667,99.60128106
865.6442995,99.53376036,99.60794547
865.9318637,99.53689233,99.61135632
866.185252,99.5398375,99.61428638
866.7268811,99.54667712,99.62032311
867.0340681,99.55086049,99.62361677
867.269188,99.5541984,99.62607766
867.8121739,99.56231322,99.6315744
868.1362725,99.5673964,99.6347402
868.3558402,99.57092891,99.63683992
868.9001881,99.5799508,99.64190268
869.238477,99.5857147,99.64495694
869.4452188,99.58928467,99.64679281
869.9909338,99.59883889,99.65154172
870.3406814,99.60503101,99.65452295
870.5373343,99.60852618,99.65618179
871.0844215,99.61826504,99.6607459
871.4428858,99.62463139,99.66370796
871.6321968,99.62798083,99.66526696
872.1806614,99.63760642,99.66977736
872.5450902,99.6439163,99.6727807
872.7298167,99.64708257,99.67430839
873.279664,99.65635805,99.67888956
873.6472946,99.66241958,99.68199079
873.8302045,99.66538946,99.68354794
874.3814397,99.67414093,99.68830748
874.749499,99.67980804,99.69154846
874.9333707,99.68258374,99.69318835
875.485999,99.69069569,99.69820639
875.8517034,99.69586845,99.70160447
876.0393258,99.69846064,99.70337254
876.5933525,99.70586786,99.70869254
876.9539078,99.71048853,99.71223402
877.1480804,99.71291146,99.71416668
877.7035109,99.71958987,99.7197898
878.0561122,99.72363674,99.72342845
878.2596452,99.7259053,99.72555142
878.8164847,99.73186331,99.73143616
879.1583166,99.73534381,99.73509751
879.3740307,99.73747238,99.73742419
879.9322847,99.74274357,99.74349195
880.260521,99.74568751,99.74708263
880.4912479,99.74769022,99.74961295
881.0509217,99.7523277,99.75575859
881.3627255,99.75478112,99.75917874
881.6113074,99.7566732,99.76189907
882.1724065,99.76074556,99.76800425
882.4649299,99.76276512,99.77116015
882.7342202,99.76456511,99.77404444
883.29675,99.76815357,99.77999109
883.5671343,99.76980134,99.78280552
883.8599972,99.77153392,99.78581746
884.4239631,99.77473027,99.79149898
884.6693387,99.77606864,99.79391787
884.9886493,99.77776772,99.79701369
885.5540569,99.78067221,99.80234239
885.7715431,99.78175867,99.80433726
886.1201875,99.78347028,99.80746878
886.6870424,99.78618886,99.81237941
886.8737475,99.78707072,99.81394639
887.254623,99.78885494,99.81706367
887.8229308,99.79149521,99.8215136
887.9759519,99.79220451,99.82267003
888.391967,99.7941356,99.8257237
888.9617331,99.79680085,99.82969076
889.0781563,99.79735021,99.83047072
889.5322305,99.79951398,99.83341358
890.1034606,99.80229571,99.83689277
890.1803607,99.80267616,99.83734232
890.6754248,99.80516396,99.84013055
891.2481246,99.80813335,99.8431305
891.8215613,99.81121471,99.84589742
892.3847695,99.81435257,99.84839076
892.9706514,99.81773599,99.85075646
893.4869739,99.8208166,99.85265551
894.1227064,99.82472959,99.85476481
894.5891784,99.8276774,99.85615884
894.6998494,99.8283854,99.85647117
895.2777379,99.83212985,99.85799162
895.6913828,99.8348521,99.85897044
895.8563734,99.8359459,99.85933646
896.4357574,99.83981411,99.86051662
896.7935872,99.84221746,99.86116762
897.0158913,99.84371326,99.86154371
897.5967765,99.84762114,99.86243002
897.8957916,99.84962682,99.86283519
898.1784146,99.85151522,99.86318852
898.7608069,99.85537332,99.86383295
898.997996,99.85692793,99.8640658
899.343955,99.85917415,99.86437775
899.9278603,99.86289781,99.86483807
900.1002004,99.86397849,99.86496
900.5125244,99.86652615,99.86522977
901.0979486,99.870043,99.86556927
901.2024048,99.87065721,99.8656256
901.6841344,99.87343433,99.86587348
902.2710835,99.87668832,99.86615962
902.8587971,99.87979531,99.86644503
903.4068136,99.88254994,99.86672526
904.0365244,99.88554004,99.86708188
904.509018,99.88765833,99.86738484
904.626541,99.88816838,99.86746593
905.2173282,99.8906306,99.86791376
905.6112224,99.89217786,99.86825397
905.8088876,99.89292596,99.86843854
906.4012207,99.895055,99.86905151
906.7134269,99.89610973,99.86941286
906.9943289,99.89701936,99.86976167
907.5882139,99.89882162,99.87057546
907.8156313,99.89946896,99.87091509
908.1828771,99.90046518,99.87149659
908.7783201,99.90195414,99.87252587
908.9178357,99.9022809,99.87278231
909.3745444,99.90329324,99.87366126
909.9715515,99.90448776,99.8748979
910.5693431,99.90554349,99.87622833
911.1222445,99.90640085,99.8775322
911.7672855,99.90726426,99.87912947
912.2244489,99.90779195,99.88030242
912.3674395,99.90794332,99.88067508
912.9683841,99.9085117,99.88226514
913.3266533,99.908801,99.883227
913.5701208,99.90897769,99.88388448
914.1726513,99.90935019,99.88551763
914.4288577,99.90948243,99.88621183
914.7759771,99.90963866,99.88714922
915.3800998,99.9098532,99.88876433
915.5310621,99.90989648,99.88916333
915.9850209,99.91000455,99.8903487
916.5907421,99.91010402,99.89188902
917.1972649,99.91016356,99.89337305
917.7354709,99.91019292,99.89463229
918.4127218,99.91021291,99.89612915
918.8376754,99.91022327,99.89701368
919.0216591,99.91022863,99.89738276
919.6314043,99.91025585,99.89854314
919.9398798,99.91027811,99.8990921
920.2419593,99.91030751,99.89960404
920.8533255,99.91039609,99.90056034
921.0420842,99.91043271,99.90083356
921.4655045,99.91053329,99.90140794
922.078498,99.91072973,99.9021437
922.6923077,99.91099462,99.9027654
923.246493,99.91129842,99.90322702
923.9223819,99.91175779,99.9036618
924.3486974,99.91209958,99.90386386
924.5386497,99.912265,99.90393604
925.1557401,99.9128582,99.90409524
925.4509018,99.91317174,99.90413114
925.7736549,99.91353615,99.90414101
926.3923957,99.91429538,99.9040757
926.5531062,99.91450506,99.90404096
927.011964,99.91513029,99.90390241
927.6323617,99.91603337,99.90362505
928.2535903,99.91699552,99.90324837
928.757515,99.91781126,99.90287419
928.8756515,99.91800635,99.902778
929.4985471,99.91905458,99.90222054
929.8597194,99.91967417,99.90186077
930.1222786,99.92012832,99.90158359
930.7468477,99.92121552,99.90087577
930.9619238,99.92159051,99.90061758
931.3722562,99.9223042,99.9001068
931.9985058,99.92338274,99.89928744
932.6255981,99.92444011,99.89842953
933.1663327,99.9253259,99.89766953
933.2535348,99.92546605,99.89754583
933.8823177,99.92645115,99.89664998
934.2685371,99.92703166,99.89610043
934.5119485,99.92738694,99.89575625
935.1424288,99.92826593,99.89487937
935.3707415,99.92856865,99.89456915
935.7737604,99.92908159,99.89403419
936.4059451,99.92982834,99.89323539
937.0389845,99.93050149,99.89249702
937.5751503,99.93101059,99.89192933
937.6728803,99.9310972,99.89183216
938.3076344,99.9316124,99.89125249
938.6773547,99.93187417,99.8909584
938.9432485,99.93204478,99.89076785
939.5797243,99.93239266,99.89038594
939.7795591,99.9324842,99.8902882
940.2170636,99.93265503,99.89011197
940.8552681,99.93283145,99.8899485
941.4943396,99.93292204,99.88989531
941.9839679,99.93293383,99.88992732
942.1342799,99.93292753,99.8899494
942.7750907,99.93284915,99.89010512
943.0861723,99.93278147,99.89021489
943.4167738,99.93268876,99.89035434
944.059331,99.9324488,99.89068677
944.1883768,99.93239133,99.89076247
944.7027641,99.93213237,99.89109032
945.2905812,99.93178014,99.8915091
945.9922651,99.93128597,99.89205562
946.3927856,99.93097047,99.89238323
946.6383366,99.93076583,99.89258766
947.2852912,99.93018899,99.89313218
947.49499,99.92999117,99.89330864
947.9331307,99.92956246,99.89367386
948.5818569,99.92889416,99.89419773
949.2314716,99.92819284,99.89468945
949.6993988,99.92767322,99.89501568
949.8819767,99.92746815,99.89513542
950.533374,99.92673044,99.89552295
950.8016032,99.92642574,99.89566263
951.1856653,99.92599073,99.89584029
951.8388524,99.92526048,99.8960767
952.4929373,99.92455139,99.89622248
953.006012,99.92401819,99.89626767
953.1479218,99.92387511,99.89626889
953.8038076,99.92324295,99.89620818
954.1082164,99.92296781,99.89614176
954.4605968,99.92266552,99.89603355
955.1182911,99.92215241,99.8957391
955.2104208,99.9220862,99.89568804
955.7768924,99.92171179,99.89531984
956.3126253,99.92141175,99.89488446
956.4364027,99.92135018,99.89477164
957.0968237,99.92107211,99.89409127
957.4148297,99.9209689,99.89371619
957.7581574,99.92087999,99.8932764
958.4204057,99.92077398,99.89232565
958.5170341,99.92076562,99.89217565
959.0835704,99.92075197,99.89123865
959.6192385,99.9207926,99.8902629
959.7476535,99.9208097,99.89001615
960.4126569,99.92094088,99.88866006
960.7214429,99.92102448,99.88798651
961.0785824,99.92113745,99.88717363
961.7454321,99.92138987,99.88556157
962.4132078,99.92168748,99.88383014
962.9258517,99.92193911,99.88242665
963.0819115,99.92201877,99.88198734
963.7515451,99.92237175,99.88004297
964.0280561,99.92252084,99.87921396
964.4221106,99.92273428,99.87800876
965.0936098,99.92309428,99.87589838
965.7660447,99.92344002,99.87372745
966.2324649,99.92366524,99.87219701
966.4394174,99.92376024,99.87151341
967.1137297,99.92404434,99.8692754
967.3346693,99.9241278,99.868541
967.7889837,99.92428242,99.8670339
968.4368737,99.92445894,99.86490278
969.1423244,99.92458489,99.8626269
969.5390782,99.92462237,99.86137627
969.8204151,99.92463346,99.86050526
970.4994554,99.92460435,99.85846659
970.6412826,99.92458791,99.85805347
971.1794473,99.92449161,99.85653053
971.743487,99.92433112,99.85501691
971.8603926,99.92429001,99.85471451
972.5422936,99.92399503,99.85303308
972.8456914,99.92383291,99.85233196
973.2251521,99.92360283,99.85149729
973.9089703,99.92311029,99.85011421
974.59375,99.92251494,99.84888662
975.0501002,99.92206078,99.84815505
975.2794934,99.92181506,99.84781285
975.9662025,99.92100968,99.8468868
976.1523046,99.92077342,99.84666023
976.6538793,99.92009864,99.84609818
977.254509,99.91921824,99.84551156
977.3425259,99.91908267,99.84543287
978.0321443,99.91796351,99.84487339
978.3567134,99.91740241,99.84464125
978.7227365,99.91674396,99.84439951
979.4143048,99.91542803,99.84398885
980.106851,99.91402104,99.84361749
980.5611222,99.91305301,99.84338359
980.8003774,99.91252973,99.84326059
981.4948859,99.91096234,99.84289291
981.6633267,99.91057216,99.84279935
982.1903787,99.9093287,99.84248927
982.7655311,99.90793755,99.84211119
982.8868579,99.90764018,99.84202492
983.5843255,99.90590973,99.84147587
983.8677355,99.90519856,99.84122351
984.2827837,99.90415172,99.84081905
984.9699399,99.90241288,99.84004752
985.6826802,99.9006165,99.83909531
986.0721443,99.89964437,99.8385025
986.3841227,99.89887307,99.83798796
987.0865643,99.89716884,99.83669202
987.1743487,99.89695964,99.83651608
987.7900071,99.89552079,99.83519026
988.2765531,99.89442353,99.83402415
988.4944532,99.89394495,99.83346665
989.1999048,99.89245583,99.83150632
989.3787575,99.89209393,99.83097053
989.9063641,99.89106582,99.8292956
990.4809619,99.89001648,99.82730691
990.6138331,99.88978466,99.82682205
991.322314,99.88861906,99.82407454
991.5831663,99.88822016,99.82299304
992.0318091,99.88757234,99.82104337
992.6853707,99.88671433,99.81799755
993.4538504,99.88583118,99.81409961
993.7875752,99.88548785,99.81229935
994.166401,99.88512584,99.81017663
994.8799745,99.88451798,99.80594985
995.594573,99.88399456,99.80142037
995.991984,99.88373471,99.79877485
996.3101989,99.88354024,99.79659248
997.0268542,99.88313791,99.79147405
997.7445413,99.88276915,99.78607695
998.1963928,99.88254586,99.78254731
998.4632624,99.88241477,99.78041737
999.1830196,99.88205521,99.77451606
999.2985972,99.88199573,99.77354836
999.9038153,99.88167097,99.76839849
1000.400802,99.881382,99.76407537
1000.625652,99.88124289,99.76209482
1001.348531,99.88075244,99.75563962
1001.503006,99.88063793,99.75424538
1002.072456,99.88018187,99.74907142
1002.60521,99.8797016,99.74419583
1002.797428,99.87951436,99.74243186
1003.523449,99.87873412,99.7357647
1003.707415,99.87851693,99.73407778
1004.250523,99.87782638,99.72911444
1004.809619,99.87703409,99.72404606
1004.978651,99.87677747,99.72252476
1005.707836,99.8755748,99.71603682
1005.911824,99.87520959,99.71424685
1006.43808,99.87420688,99.70968745
1007.014028,99.87300622,99.70480409
1007.169385,99.87266334,99.7035074
1007.901753,99.87093495,99.69751975
1008.116232,99.87039311,99.69580653
1008.635188,99.86901371,99.69173856
1009.218437,99.86734598,99.68729736
1009.36969,99.86689292,99.68616794
1010.105263,99.8645673,99.68080143
1010.320641,99.86384769,99.67926795
1010.841909,99.86203316,99.67562189
1011.422846,99.85988916,99.67165647
1011.57963,99.85928857,99.67060181
1012.318429,99.85633358,99.66570391
1012.52505,99.85547058,99.66435116
1013.058308,99.85317051,99.6608821
1013.627255,99.85060294,99.65719726
1013.799269,99.8498041,99.6560826
1014.541314,99.84624186,99.65124514
1014.729459,99.84530957,99.650006
1015.284447,99.84249421,99.6463042
1015.831663,99.83962754,99.64256407
1016.028669,99.83857473,99.64119015
1016.773983,99.83450016,99.63583023
1016.933868,99.83360854,99.63464228
1017.520392,99.83029049,99.63014944
1018.036072,99.82731885,99.62600245
1018.267896,99.82596874,99.62407117
1019.016501,99.82156067,99.61751766
1019.138277,99.82083794,99.61640227
1019.766206,99.81709431,99.61041038
1020.240481,99.81425551,99.60559831
1020.517016,99.81259925,99.60267012
1021.268932,99.80810579,99.59421713
1022.021956,99.8036439,99.58497107
1022.44489,99.80116534,99.57940658
1022.776092,99.79924206,99.57485108
1023.531342,99.79492607,99.56377573
1024.287708,99.79071785,99.55166312
1024.649299,99.78875142,99.54548899
1025.045193,99.78663431,99.5384311
1025.751503,99.78295387,99.52503212
1026.563529,99.77887834,99.50828104
1026.853707,99.77746185,99.50192922
1027.324384,99.77520731,99.49120125
1027.955912,99.77226121,99.4759547
1028.086369,99.77166312,99.47268024
1028.849485,99.76822843,99.45264337
1029.058116,99.7673063,99.44689766
1029.613734,99.7648791,99.4310207
1030.160321,99.76252243,99.41456942
1030.37912,99.76158483,99.40774839
1031.145644,99.75830987,99.38277017
1031.262525,99.75781013,99.37881184
1031.91331,99.75501388,99.35603864
1032.364729,99.75305059,99.33950508
1032.682119,99.75165277,99.32751623
1033.452075,99.74817956,99.29717558
1034.22318,99.74454508,99.26499898
1034.569138,99.74285052,99.24997985
1034.995437,99.74069868,99.23097656
1035.671343,99.73712282,99.1997247
1035.768848,99.7365887,99.19510292
1036.543415,99.73216293,99.15737174
1036.773547,99.73078076,99.14581297
1037.319142,99.72736892,99.11776823
1037.875752,99.72367774,99.08821885
1038.096031,99.72215418,99.07625919
1038.874084,99.71646637,99.03278056
1038.977956,99.71566912,99.02682685
1039.653304,99.71025344,98.98722254
1040.08016,99.7066131,98.96135574
1040.433695,99.70346373,98.9394124
1041.182365,99.69637142,98.89126593
1041.997995,99.68795045,98.83591086
1042.284569,99.68481042,98.81565169
1042.781911,99.67912743,98.77937197
1043.386774,99.6718025,98.73311697
1043.567007,99.66952947,98.71883365
1044.353286,99.65911102,98.65346191
1044.488978,99.65722853,98.64162789
1045.140751,99.64782933,98.58219344
1045.591182,99.64098111,98.5383257
1045.929404,99.63564529,98.50368503
1046.693387,99.62296883,98.41927011
1047.510286,99.60843774,98.31775544
1047.795591,99.60312113,98.27906311
1048.302521,99.59336313,98.20552751
1048.897796,99.58139336,98.11027238
1049.095955,99.57728603,98.07615445
1049.890591,99.56020031,97.92526158
1050,99.55777102,97.90252228
1050.686431,99.54210861,97.74716907
1051.483479,99.52302216,97.53440364
1052.281738,99.50295974,97.27698853
1053.081209,99.48194574,96.9614005
1053.881896,99.4600069,96.56902565
1054.683801,99.43716788,96.07386928
1055.486928,99.41344531,95.43919639
1056.291279,99.38884052,94.6127995
1057.096856,99.36333106,93.5210817
1057.903664,99.3368611,92.0643489
1058.711703,99.309331,90.12326781
1059.520978,99.28058608,87.60759638
1060.331492,99.25040478,84.61724428
1061.143246,99.21848576,81.76512413
1061.956244,99.18443364,80.32550983
1062.770489,99.1477422,81.33513997
1063.585983,99.10777373,84.28958845
1064.40273,99.06373238,87.73926109
1065.220733,99.01462846,90.71858608
1066.039993,98.95922965,92.98501872
1066.860515,98.89599322,94.63101391
1067.682301,98.82297068,95.81611592
1068.505353,98.7376724,96.67635947
1069.329676,98.63687295,97.31020112
1070.155272,98.51632738,97.78526897
1070.982143,98.37035123,98.1474598
1071.810293,98.19118735,98.42807494
1072.639725,97.96803234,98.64872447
1073.470441,97.68550784,98.82455606
1074.302446,97.32120905,98.96635891
1075.135741,96.84169905,99.08194028
1075.970329,96.19588623,99.17703547
1076.806215,95.30415243,99.25591759
1077.6434,94.04152005,99.3218122
1078.481888,92.2171972,99.37718338
1079.321682,89.57721484,99.423934
1080.162785,85.9546038,99.46354784
1081.005199,81.89384277,99.49719177
1081.848929,79.58091811,99.52579012
1082.693977,81.23730851,99.55007932
1083.540346,85.50335095,99.57064853
1084.388039,89.65893263,99.58797008
1085.23706,92.70124606,99.60242238
1086.087411,94.74557415,99.61430726
1086.939096,96.10706097,99.62386311
1087.792117,97.03066734,99.63127479
1088.646479,97.67402794,99.636681
1089.502183,98.13452332,99.64017955
1090.359234,98.47257691,99.64183101
1091.217635,98.72643785,99.64166083
1092.077388,98.92092682,99.63966012
1092.938497,99.0725641,99.63578513
1093.800964,99.19261451,99.62995534
1094.664795,99.28893325,99.62205009
1095.52999,99.36711088,99.61190349
1096.396555,99.4312005,99.59929717
1097.264491,99.48418993,99.58395049
1098.133803,99.52831489,99.56550731
1099.004493,99.56527078,99.54351826
1099.876565,99.5963586,99.51741705
1100.750022,99.62258702,99.48648845
1101.624868,99.64474497,99.44982495
1102.501105,99.66345391,99.40626702
1103.378737,99.67920597,99.3543203
1104.257768,99.69239197,99.2920386
1105.1382,99.70332233,99.21685624
1106.020037,99.71224258,99.12534326
1106.903283,99.71934506,99.01284059
1107.787941,99.72477753,98.87290382
1108.674014,99.72864964,98.69643295
1109.561505,99.73103743,98.47027089
1110.450418,99.73198642,98.17487043
1111.340757,99.73151341,97.7802614
1112.232525,99.72960704,97.23877034
1113.125725,99.7262273,96.47120108
1114.020361,99.72130381,95.33903196
1114.916436,99.71473281,93.58460568
1115.813953,99.70637267,90.69249778
1116.712917,99.6960375,85.54390849
1117.613331,99.68348847,75.53360107
1118.515198,99.66842206,54.94159728
1119.418521,99.65045422,21.11088011
1120.323305,99.62909916,14.86123004
1121.229552,99.60374034,46.60059042
1122.137267,99.57359094,69.56558767
1123.046453,99.537639,81.23925272
1123.957113,99.49457037,87.36896389
1124.869252,99.4426588,90.86968735
1125.782872,99.37960643,93.02691863
1126.697977,99.30230742,94.43983408
1127.614571,99.20649028,95.41049612
1128.532658,99.08616251,96.10258148
1129.452241,98.93272385,96.61039764
1130.373324,98.73350415,96.99113757
1131.29591,98.46926198,97.28098809
1132.220004,98.10971958,97.503655
1133.145608,97.6051874,97.67510589
1134.072727,96.86991212,97.80632331
1135.001365,95.74660996,97.90496118
1135.931524,93.92453368,97.97637014
1136.86321,90.73167973,98.02424547
1137.796425,84.55609806,98.05103972
1138.731173,71.20568789,98.05822224
1139.667458,41.9339289,98.04643311
1140.605285,12.75546467,98.01555848
1141.544656,39.54977466,97.96474063
1142.485576,68.18727735,97.89232629
1143.428048,81.82001997,97.79574777
1144.372076,88.37839957,97.67132181
1145.317664,91.888979,97.51393811
1146.264817,93.95512821,97.31659111
1147.213537,95.26408464,97.06967838
1148.163829,96.14126191,96.75993995
1149.115696,96.75486705,96.36882823
1150.069144,97.19836297,95.8699476
1151.024174,97.52683331,95.22492765
1151.980792,97.77433855,94.37657279
1152.939002,97.96277547,93.2371117
1153.898807,98.10666296,91.6673126
1154.860211,98.21585347,89.43797882
1155.823219,98.29713125,86.15655684
1156.787834,98.35518449,81.12481535
1157.75406,98.39321016,73.07368456
1158.721902,98.41329345,59.79422527
1159.691364,98.41664253,38.53127082
1160.662449,98.40372422,11.84888306
1161.635162,98.37432593,0.459796249
1162.609506,98.3275558,18.39903122
1163.585486,98.26178325,43.78021755
1164.563107,98.17451263,62.12664045
1165.542371,98.06217282,73.55365085
1166.523284,97.91979113,80.64894929
1167.505849,97.74049824,85.2122051
1168.490071,97.51477573,88.26970393
1169.475954,97.2292975,90.39674032
1170.463502,96.86510893,91.92464346
1171.452719,96.39469109,93.0515359
1172.443609,95.77708113,93.90043839
1173.436177,94.94947475,94.55042077
1174.430427,93.81219447,95.05386784
1175.426364,92.20058556,95.44639192
1176.423991,89.8299728,95.75271777
1177.423313,86.1829466,95.99028368
1178.424334,80.27227167,96.17150409
1179.427059,70.16619508,96.30522155
1180.431491,52.40273209,96.39765205
1181.437636,24.32774279,96.45300271
1182.445498,0.933264858,96.4738689
1183.45508,13.16965458,96.46147516
1184.466388,42.08410448,96.41579705
1185.479426,63.02985593,96.3355832
1186.494198,75.30805117,96.21828278
1187.510709,82.51459831,96.05987141
1188.528963,86.95296069,95.85455507
1189.548965,89.83185047,95.59431504
1190.57072,91.78609559,95.26823256
1191.594231,93.16360708,94.86149652
1192.619503,94.16462491,94.35394043
1193.646541,94.90981863,93.7178644
1194.67535,95.47491765,92.91474854
1195.705933,95.90913257,91.89021879
1196.738296,96.24539035,90.56622173
1197.772444,96.50625098,88.8287205
1198.80838,96.70744955,86.50828769
1199.846109,96.86008115,83.35000668
1200.885637,96.97198148,78.96985054
1201.926968,97.04861384,72.8048293
1202.970106,97.09364185,64.11138667
1204.015056,97.10929355,52.22791093
1205.061824,97.09657913,37.66052104
1206.110413,97.05539795,24.31699723
1207.160828,96.9845526,19.56298195
1208.213075,96.88167416,26.7076786
1209.267158,96.74305097,40.3265237
1210.323081,96.5633391,53.80856492
1211.380851,96.33511597,64.49147564
1212.44047,96.04821232,72.31096184
1213.501946,95.68871871,77.92665988
1214.565281,95.23749861,81.98312559
1215.630481,94.66793342,84.95757774
1216.697552,93.94244439,87.17677031
1217.766497,93.00702311,88.86026291
1218.837323,91.78245637,90.15614259
1219.910033,90.14998586,91.16556345
1220.984633,87.92757576,91.95870885
1222.061129,84.83075399,92.58504259
1223.139523,80.41078773,93.07991853
1224.219823,73.97283474,93.46888889
1225.302033,64.54298129,93.77054935
1226.386158,51.22927723,93.9984412
1227.472203,34.99036009,94.16233482
1228.560173,22.14237996,94.26909806
1229.650074,22.14450312,94.32327845
1230.74191,34.59836804,94.32748065
1231.835687,50.10659281,94.28259018
1232.931409,62.8553964,94.18787316
1234.029083,71.99681399,94.04096735
1235.128713,78.33582766,93.83776699
1236.230304,82.75681758,93.57219373
1237.333862,85.89962184,93.23583369
1238.439392,88.18381926,92.81740781
1239.5469,89.87935674,92.30202547
1240.65639,91.16134099,91.67014922
1241.767868,92.14541023,90.89617062
1242.881339,92.9095165,89.94646206
1243.996809,93.50727174,88.77673383
1245.114283,93.97621428,87.32850561
1246.233766,94.34301557,85.5245473
1247.355264,94.6268199,83.26338626
1248.478783,94.84142286,80.41372659
1249.604327,94.99671166,76.81158179
1250.731903,95.09962433,72.26747451
1251.861515,95.15478576,66.6003039
1252.99317,95.16491884,59.72891281
1254.126872,95.13109074,51.86006854
1255.262628,95.0528298,43.76283931
1256.400443,94.92813116,36.9309504
1257.540323,94.75335565,33.20043051
1258.682272,94.52301441,33.69463116
1259.826298,94.22941915,37.99823398
1260.972405,93.86216303,44.54468891
1262.120599,93.40737726,51.69374607
1263.270886,92.84668269,58.38606096
1264.423272,92.15571851,64.16573295
1265.577762,91.30208156,68.95197869
1266.734362,90.24244729,72.83449876
1267.893079,88.91857762,75.95554613
1269.053917,87.25189054,78.45650067
1270.216882,85.13639037,80.45887074
1271.381981,82.4303686,82.06063408
1272.54922,78.94922262,83.33834908
1273.718603,74.46694237,84.35083522
1274.890138,68.74596537,85.14278797
1276.06383,61.6378491,85.74780634
1277.239685,53.31937623,86.19075221
1278.417709,44.67667505,86.48951138
1279.597907,37.56210581,86.65626072
1280.780287,34.23578701,86.69833689
1281.964855,35.83080654,86.61878044
1283.151615,41.40475644,86.41660604
1284.340574,48.84907439,86.08682804
1285.531739,56.36080329,85.62025164
1286.725116,63.00164866,85.00302324
1287.92071,68.49913622,84.21591869
1289.118528,72.91070801,83.23333694
1290.318577,76.40563305,82.02196244
1291.520861,79.16426519,80.53907226
1292.725389,81.34246008,78.73051369
1293.932165,83.06433447,76.5285065
1295.141196,84.42516304,73.84971301
1296.352489,85.49682302,70.5946177
1297.56605,86.33304631,66.65041446
1298.781884,86.97370403,61.90164273
1300,87.44806233,56.25591231
