Wlgth,GDDrp5deg,GDDrp19deg
400,502441.9072,10682.32212
400.115466,-2124933.798,7571.581512
400.2309987,-203351.845,5526.394381
400.3465982,-24786.50262,4130.321957
400.4622645,3542.841086,3144.628746
400.5779976,11847.96367,2426.992323
400.6937976,14416.19121,1889.480032
400.8096646,14479.13831,1475.962644
400.9255986,13341.85826,1149.522639
401.0415997,11716.36254,885.1914645
401.1576679,9995.759957,665.6263454
401.2738034,8372.3443,478.4604166
401.3900061,6919.71086,314.6331439
401.5062762,5648.211578,167.3101154
401.6226136,4537.933919,31.16536443
401.7390184,3555.992742,-98.10892503
401.8554908,2664.199832,-224.1478596
401.9720307,1821.093555,-350.1659352
402.0886382,980.3808707,-479.1484333
402.2053134,86.34095399,-614.0026919
402.3220563,-934.6121561,-757.6813307
402.438867,-2188.756423,-913.282249
402.5557456,-3841.939238,-1084.122036
402.6726921,-6170.75135,-1273.767573
402.7897065,-9665.596657,-1485.990681
402.906789,-15252.59116,-1724.575169
403.0239395,-24817.16931,-1992.841122
403.1411582,-42646.15359,-2292.634392
403.2584451,-80663.8006,-2622.320572
403.3758003,-183844.749,-2972.962576
403.4932238,-393810.59,-3321.278167
403.6107157,364246.5425,-3617.152693
403.728276,203408.9572,-3762.70457
403.8459048,91938.93628,-3580.432685
403.9636022,50338.55564,-2773.607688
404.0813682,30142.62094,-901.54729
404.1992029,19133.10452,2559.298141
404.3171064,12737.05005,7905.640635
404.4350786,8827.252584,14375.40801
404.5531197,6326.89369,18706.16626
404.6712298,4661.828356,14887.22989
404.7894088,3511.99347,333.8836406
404.9076569,2691.492566,-16028.649
405.025974,2088.194748,-23707.18185
405.1443604,1632.082513,-23056.38708
405.2628159,1278.028886,-19051.10467
405.3813408,996.0878661,-14600.31562
405.499935,765.8367916,-10484.71597
405.6185986,572.9770678,-6712.577129
405.7373317,407.2325814,-3225.26893
405.8561343,261.0147774,-78.29124034
405.9750065,128.5520967,2597.208827
406.0939484,5.306802326,4682.169179
406.2129599,-112.4272168,6128.382834
406.3320413,-227.8113636,6969.770141
406.4511925,-343.6756736,7300.693969
406.5704136,-462.6858731,7243.384902
406.6897046,-587.4826661,6919.915809
406.8090657,-720.8063371,6434.908151
406.9284969,-865.6163101,5868.631421
407.0479982,-1025.212918,5277.258004
407.1675697,-1203.366564,4696.756558
407.2872115,-1404.456813,4147.853693
407.4069236,-1633.619502,3640.635244
407.5267061,-1896.891418,3178.217194
407.646559,-2201.325555,2759.410705
407.7664825,-2555.017974,2380.524719
407.8864766,-2966.926683,2036.508456
408.0065413,-3446.250281,1721.620187
408.1266767,-4000.930638,1429.767282
408.2468829,-4634.49154,1154.619099
408.3671599,-5339.857996,889.5575562
408.4875078,-6088.006429,627.5023056
408.6079266,-6808.514099,360.6284532
408.7284165,-7359.242459,79.98663498
408.8489775,-7485.678642,-224.9540424
408.9696095,-6779.447304,-566.7662238
409.0903128,-4656.625878,-960.2932012
409.2110874,-366.0894605,-1421.974321
409.3319333,7025.307635,-1966.424846
409.4528506,18715.49152,-2595.278581
409.5738394,35433.50425,-3264.642925
409.6948997,50728.68187,-3792.964284
409.8160315,34305.73142,-3598.418328
409.9372351,-26001.14868,-924.7982836
410.0585103,-55247.2195,9603.888912
410.1798573,-43376.38412,45630.7217
410.3012761,-25575.38403,164169.6168
410.4227669,-12611.33513,218477.4248
410.5443296,-4179.708398,-276967.7038
410.6659644,1227.509331,-108250.9367
410.7876712,4645.220518,-28229.21935
410.9094502,6684.779257,-4654.142026
411.0313015,7728.838437,2136.177415
411.153225,8055.72631,3692.60429
411.2752209,7891.614053,3606.254678
411.3972892,7421.355851,3061.726537
411.51943,6786.937424,2450.714287
411.6416433,6088.375834,1892.424104
411.7639292,5389.729111,1412.096091
411.8862878,4727.723594,1004.162849
412.0087192,4120.235239,654.6665421
412.1312234,3573.160994,348.9084145
412.2538004,3085.351939,73.70948747
412.3764504,2651.862049,-182.2526341
412.4991733,2265.938593,-428.741949
412.6219694,1920.151212,-674.4263886
412.7448385,1606.96231,-927.3432109
412.8677809,1318.945461,-1195.321363
412.9907965,1048.782012,-1486.353288
413.1138855,789.1117007,-1808.91578
413.2370478,532.2771421,-2172.231466
413.3602836,269.9817694,-2586.444022
413.483593,-7.122257822,-3062.6516
413.6069759,-309.8729174,-3612.704651
413.7304325,-650.9260387,-4248.633897
413.8539628,-1044.56791,-4981.559695
413.9775669,-1504.894531,-5820.019876
414.1012448,-2039.321899,-6767.996341
414.2249967,-2629.153167,-7823.769103
414.3488225,-3174.214707,-8982.250887
414.4727224,-3335.776162,-10245.0199
414.5966965,-2081.977838,-11640.52477
414.7207447,3678.262602,-13242.57355
414.8448671,23418.35575,-15130.94363
414.9690639,86023.71317,-17150.22673
415.0933351,215071.9733,-18264.20328
415.2176807,-93544.8738,-15737.65261
415.3421009,-171131.6815,-6173.490466
415.4665956,-55571.45069,9318.308895
415.591165,-13633.60984,23053.03641
415.7158091,-722.7929566,29667.75053
415.840528,2857.965647,31142.81953
415.9653218,3435.000968,31763.31794
416.0901905,3093.107349,34106.9399
416.2151341,2529.156694,37645.3488
416.3401529,1967.909761,36124.51565
416.4652467,1471.087219,18365.38378
416.5904158,1045.201531,-11749.99734
416.7156601,679.7124818,-29559.06912
416.8409797,360.3287887,-28777.22523
416.9663748,73.30207784,-20597.54276
417.0918453,-193.5305159,-12415.67514
417.2173913,-450.8332806,-6220.299654
417.3430129,-708.210566,-2026.84742
417.4687103,-974.7246451,584.6758199
417.5944833,-1259.410535,2059.350165
417.7203322,-1571.77483,2771.950193
417.8462569,-1922.287069,3006.69562
417.9722576,-2322.872582,2962.479581
418.0983343,-2787.402791,2769.274153
418.2244871,-3332.15112,2507.033929
418.350716,-3976.132199,2222.147283
418.4770211,-4741.15607,1939.75781
418.6034026,-5651.290703,1672.16902
418.7298604,-6731.219463,1424.229219
418.8563946,-8002.696192,1196.629096
418.9830053,-9477.919068,987.8481264
419.1096926,-11147.98101,795.2619453
419.2364565,-12962.68933,615.7426067
419.3632971,-14792.16266,445.9571847
419.4902145,-16346.74041,282.4876386
419.6172088,-17021.29995,121.8429732
419.7442799,-15709.32541,-39.59737241
419.8714281,-10982.29067,-205.6899969
419.9986533,-2363.829439,-380.6779964
420.1259556,7948.339238,-569.3889089
420.2533351,16026.7842,-777.491555
420.3807919,19727.83008,-1011.831238
420.508326,19813.73913,-1280.872273
420.6359376,18127.39874,-1595.289004
420.7636266,16097.95086,-1968.762639
420.8913931,14500.00271,-2419.06269
421.0192373,13700.77267,-2969.519855
421.1471591,13869.40978,-3651.033286
421.2751587,14998.14967,-4504.802444
421.4032362,16655.79092,-5586.044977
421.5313915,17431.28606,-6969.109199
421.6596248,14611.16122,-8754.797251
421.7879362,6026.604663,-11081.93924
421.9163256,-5683.105642,-14148.59845
422.0447933,-13822.74505,-18254.89497
422.1733392,-15248.24411,-23878.04714
422.3019634,-12216.21941,-31682.49904
422.4306661,-7973.735019,-41668.19622
422.5594472,-4304.596706,-48333.27274
422.6883068,-1706.392627,-31620.03603
422.8172451,-82.47324354,17190.16611
422.9462621,827.3383067,50148.42112
423.0753578,1268.644184,48846.52915
423.2045323,1424.003755,36824.12134
423.3337858,1414.749158,26296.22556
423.4631182,1316.307744,18884.87322
423.5925297,1173.347559,13823.13471
423.7220203,1011.143014,10310.14618
423.8515901,843.177855,7810.716985
423.9812392,675.9272882,5993.664819
424.1109676,511.7515801,4657.189584
424.2407754,350.5941876,3682.789338
424.3706627,190.9437597,3012.209071
424.5006295,30.34637984,2640.988349
424.630676,-134.3608322,2626.880903
424.7608022,-306.9971121,3116.159364
424.8910082,-492.1153699,4394.930841
425.021294,-695.1890001,6971.291297
425.1516597,-922.9099337,11659.35411
425.2821055,-1183.618613,19439.21035
425.4126313,-1487.906164,30064.80833
425.5432373,-1849.452764,36802.27902
425.6739234,-2286.19759,21480.74109
425.8046899,-2821.978892,-16385.49797
425.9355367,-3488.842464,-37206.43361
426.066464,-4330.299276,-32303.43492
426.1974718,-5405.928013,-20644.86557
426.3285602,-6797.889981,-11427.4584
426.4597292,-8620.230625,-5645.634406
426.590979,-11032.52827,-2335.5981
426.7223096,-14261.08054,-547.6198552
426.8537211,-18633.37191,356.2386581
426.9852136,-24623.9669,761.2342621
427.1167871,-32803.78039,890.2435052
427.2484417,-42936.00857,869.2900914
427.3801775,-49328.38917,768.3582482
427.5119945,-32471.48651,625.4190338
427.6438929,15974.40396,460.2262169
427.7758727,49619.91322,282.1520946
427.907934,49410.60945,94.63414821
428.0400769,37872.37308,-102.2560867
428.1723014,27370.85357,-310.2108397
428.3046076,19807.18314,-531.4308456
428.4369956,14557.26167,-767.1528378
428.5694654,10872.71986,-1015.198799
428.7020173,8228.794039,-1265.190759
428.8346511,6287.022949,-1488.689094
428.967367,4830.243243,-1618.393592
429.1001651,3718.288548,-1503.414798
429.2330455,2861.960313,-810.697202
429.3660081,2209.247526,1199.750472
429.4990532,1740.439226,6211.358084
429.6321807,1471.578619,18185.16242
429.7653908,1468.548286,46344.81875
429.8986836,1877.700341,102991.4633
430.032059,2983.724683,104046.4278
430.1655172,5308.325856,-101664.7699
430.2990583,9742.276751,-104820.1097
430.4326824,17544.94464,-47339.48695
430.5663894,29278.99287,-18395.33639
430.7001795,39541.71897,-6037.433515
430.8340528,28118.11288,-863.3628838
430.9680094,-13389.35708,1202.163046
431.1020493,-39574.9189,1903.106356
431.2361726,-34645.4455,2009.633122
431.3703793,-21499.6821,1868.844124
431.5046697,-11426.35233,1637.644001
431.6390436,-5374.601454,1385.628236
431.7735013,-2066.639132,1141.973737
431.9080428,-366.9087809,917.2842096
432.0426681,441.2774607,713.9672145
432.1773774,768.2926847,531.3211681
432.3121708,840.2256961,368.262404
432.4470482,779.09702,225.2021518
432.5820098,649.5253381,106.0339709
432.7170557,484.6895475,21.14220717
432.852186,300.5201508,-7.289007185
432.9874006,103.4212279,64.50505403
433.1226998,-105.487224,319.9144166
433.2580836,-327.9144893,914.342179
433.393552,-566.6880857,2128.808417
433.5291051,-823.9503048,4439.074791
433.6647431,-1098.225196,8520.2985
433.800466,-1378.515865,14822.58414
433.9362738,-1631.579181,21695.49735
434.0721667,-1773.741797,21711.76935
434.2081448,-1607.074965,5451.8984
434.3442081,-670.7455347,-17042.65623
434.4803566,2118.711339,-24772.14685
434.6165906,9381.372087,-19307.91033
434.75291,27655.84447,-11429.86583
434.889315,71918.23781,-5706.240192
435.0258056,139524.5339,-2371.051839
435.1623818,651.9588482,-633.2600389
435.2990439,-141251.5882,194.1433381
435.4357918,-73220.97989,538.7586814
435.5726257,-27851.54897,638.0656508
435.7095456,-8953.699979,617.4703353
435.8465516,-1434.718908,541.3377891
435.9836438,1413.600235,441.845749
436.1208223,2324.444836,334.4152284
436.2580871,2441.255823,225.7762102
436.3954383,2251.7843,118.1394365
436.5328761,1964.027304,11.33222348
436.6704004,1664.258973,-96.13371825
436.8080115,1385.474432,-206.563929
436.9457093,1137.60182,-322.8983584
437.0834939,920.9917632,-448.7185535
437.2213655,732.4800073,-588.3891043
437.3593241,568.1458567,-747.3183802
437.4973697,424.6526002,-932.3512655
437.6355025,300.0894409,-1152.329722
437.7737226,194.8458823,-1418.880113
437.91203,112.9584615,-1747.510203
438.0504249,64.48240957,-2159.117798
438.1889072,69.75902296,-2682.004387
438.3274772,167.0139606,-3354.383849
438.4661348,425.4782608,-4226.998399
438.6048801,966.5126405,-5364.34711
438.7437133,1991.955817,-6840.136327
438.8826344,3801.095792,-8715.764507
439.0216435,6714.379776,-10977.48294
439.1607407,10665.0914,-13394.49451
439.299926,14099.93088,-15307.49196
439.4391997,12883.43716,-15775.08221
439.5785616,3484.103679,-18052.14256
439.718012,-9000.114592,-410078.4833
439.8575509,-14956.57274,96787.56193
439.9971783,-13345.37149,18141.7998
440.1368945,-8999.040611,15795.44295
440.2766994,-5158.382821,13871.10285
440.4165931,-2609.328015,11417.33363
440.5565758,-1130.278649,9041.041615
440.6966475,-343.4641569,7033.265379
440.8368083,38.83325069,5439.222767
440.9770582,196.1424032,4205.995499
441.1173975,231.6364979,3258.701306
441.257826,202.1794317,2528.991476
441.3983441,138.1789307,1962.330747
441.5389516,55.26058249,1517.601178
441.6796488,-39.20548921,1164.621881
441.8204356,-142.5570568,881.5807031
441.9613123,-254.9687079,652.9524812
442.1022788,-378.5289528,467.9753482
442.2433352,-516.8763156,319.6069859
442.3844817,-675.1992185,203.8555617
442.5257183,-860.5180869,119.385105
442.6670452,-1082.240317,67.29561606
442.8084623,-1353.030894,50.9555509
442.9499698,-1690.081173,75.70368381
443.0915678,-2116.875032,148.1262266
443.2332564,-2665.492215,274.4550799
443.3750355,-3379.183621,457.4746311
443.5169055,-4313.897816,691.3353549
443.6588662,-5534.157727,954.2234143
443.8009179,-7088.868712,1200.483419
443.9430605,-8923.470573,1356.836852
444.0852942,-10595.67775,1330.57073
444.2276191,-10349.17705,1036.764929
444.3700353,-1425.599278,441.0659552
444.5125428,55365.47597,-404.3313294
444.6551417,1011941.135,-1363.127294
444.7978321,-1960607.338,-2266.134066
444.9406142,-81233.91732,-2981.060253
445.0834879,-2312.018086,-3454.743122
445.2264535,9338.235561,-3708.850472
445.3695109,10197.99021,-3806.498772
445.5126603,8688.773125,-3817.622294
445.6559017,6891.734288,-3798.229886
445.7992352,5336.95024,-3783.8987
445.942661,4105.945923,-3791.568407
446.0861792,3158.329625,-3824.128229
446.2297897,2432.118128,-3874.786101
446.3734927,1871.965478,-3930.240815
446.5172883,1434.64999,-3972.749797
446.6611766,1088.014962,-3981.586896
446.8051576,808.5527747,-3934.454324
446.9492315,579.1563606,-3809.33443
447.0933983,387.3745033,-3587.088581
447.2376582,224.1545507,-3254.816025
447.3820112,82.97709189,-2809.571611
447.5264574,-40.70840889,-2261.588153
447.6709969,-149.8130207,-1635.856767
447.8156298,-245.7425514,-971.0452377
447.9603562,-328.3540682,-315.4196428
448.1051762,-395.7359958,279.4995006
448.2500898,-443.8064611,765.8750713
448.3950972,-465.737032,1105.149137
448.5401985,-451.2612356,1270.968164
448.6853937,-386.058477,1249.29533
448.8306829,-251.6779519,1036.833277
448.9760662,-26.96088199,640.0023662
449.1215438,307.3481084,78.15472841
449.2671156,758.3974623,-601.8844243
449.4127819,1303.337337,-1282.542
449.5585427,1865.232469,-1650.455099
449.704398,2293.997391,-783.7246647
449.850348,2378.078321,4664.458279
449.9963928,1916.430626,33654.24649
450.1425324,844.0922167,385254.9749
450.288767,-671.6010626,-6018167.166
450.4350966,-2275.337139,-142931.62
450.5815213,-3607.384917,-18756.54873
450.7280413,-4476.727199,1085.961226
450.8746566,-4894.808859,7353.830043
451.0213674,-4992.660023,9263.474959
451.1681736,-4921.55143,9243.748412
451.3150754,-4796.885251,8403.51992
451.462073,-4685.446594,7309.157713
451.6091663,-4614.188169,6227.363138
451.7563555,-4583.551148,5263.75124
451.9036406,-4578.105979,4445.495042
452.0510219,-4573.340434,3765.981974
452.1984993,-4539.72303,3206.714167
452.346073,-4445.576504,2747.094088
452.493743,-4260.030277,2368.287323
452.6415094,-3956.840021,2054.389822
452.7893724,-3519.229297,1792.467372
452.9373321,-2945.114019,1572.188184
453.0853884,-2251.256172,1385.361172
453.2335416,-1474.440181,1225.504048
453.3817917,-668.1460563,1087.482582
453.5301389,105.4400981,967.2292584
453.6785831,786.4409802,861.5398082
453.8271246,1328.602111,767.94847
453.9757633,1708.789128,684.6942208
454.1244995,1935.077564,610.8132288
454.2733331,2058.112345,546.4366624
454.4222643,2197.662263,493.4580793
454.5712932,2613.259366,456.901219
454.7204199,3900.120781,447.6398476
454.8696445,7585.283115,487.6960417
455.018967,18267.10325,620.1510528
455.1683876,53310.42615,925.7431605
455.3179064,196000.6536,1541.802473
455.4675235,390858.6351,2643.996514
455.6172389,-426012.3085,4235.91188
455.7670527,-120109.2083,5467.005111
455.9169651,-33866.57407,4069.458168
456.0669762,-7942.597013,-910.6548096
456.217086,1878.816978,-5230.101053
456.3672947,5677.111899,-5401.067082
456.5176023,6790.924898,-3355.751047
456.6680089,6693.259884,-1487.00453
456.8185147,6104.266486,-389.4150095
456.9691197,5371.138018,136.9930847
457.1198241,4649.659852,352.4141721
457.2706279,4000.630929,418.9414703
457.4215312,3440.333886,419.791981
457.5725342,2965.845354,394.4413321
457.7236369,2567.144409,360.7897213
457.8748394,2232.590925,326.579976
458.0261419,1951.199994,294.8856606
458.1775443,1713.428628,266.6826565
458.329047,1511.308772,242.041681
458.4806498,1338.321166,220.6762978
458.6323529,1189.191364,202.1902656
458.7841565,1059.688975,186.1847474
458.9360606,946.4670586,172.3005932
459.0880654,846.9638324,160.2310481
459.2401708,759.3923664,149.7214551
459.3923771,682.8649754,140.5635645
459.5446843,617.7458703,132.5877372
459.6970925,566.4196185,125.6541874
459.8496019,534.8457999,119.6433337
460.0022125,535.6089842,114.4447962
460.1549244,593.7173616,109.9444572
460.3077377,756.874805,106.0093591
460.4606526,1110.26752,102.4713198
460.6136691,1782.692978,99.11229736
460.7667873,2876.848922,95.65780785
460.9200074,4134.458458,91.78820217
461.0733294,4271.26713,87.17879946
461.2267534,1489.346201,81.57437808
461.3802796,-2892.02665,74.88762428
461.533908,-4733.815659,67.28747951
461.6876388,-3601.953778,59.22631838
461.841472,-1823.891867,51.36587825
461.9954077,-600.5103575,44.40883329
462.1494462,29.98594523,38.90104178
462.3035873,302.0920401,35.09318009
462.4578313,395.5866305,32.91676979
462.6121783,408.662289,32.06480093
462.7666283,388.8282282,32.12048607
462.9211815,357.7427377,32.67425466
463.075838,324.8096966,33.39613841
463.2305978,293.8160128,34.06102979
463.3854612,266.0377393,34.54135355
463.5404281,241.6691366,34.78456227
463.6954986,220.4729636,34.78815012
463.850673,202.0713963,34.57874994
464.0059513,186.0715261,34.19734325
464.1613335,172.1152164,33.69018374
464.3168199,159.8950134,33.1041511
464.4724105,149.1554817,32.48520619
464.6281053,139.6888929,31.87890023
464.7839046,131.3292697,31.33221846
464.9398084,123.9464457,30.89627316
465.0958169,117.4406525,30.62942121
465.25193,111.7375266,30.6001699
465.408148,106.7830056,30.88857625
465.564471,102.5371794,31.58344579
465.720899,98.9657099,32.77011568
465.8774321,96.02697834,34.49981581
466.0340705,93.6529245,36.72772776
466.1908143,91.7222669,39.20809396
466.3476636,90.02762371,41.35431222
466.5046184,88.24454436,42.13057977
466.6616789,85.92119942,40.14203129
466.8188452,82.51888667,34.14506806
466.9761174,77.53372915,23.9851748
467.1334956,70.70025493,11.37863436
467.2909799,62.21040736,-0.434509784
467.4485705,52.81253791,-8.352404681
467.6062673,43.66544604,-11.09174647
467.7640706,35.9604808,-9.464983576
467.9219805,30.50274754,-5.358825642
468.079997,27.48705609,-0.567146682
468.2381203,26.56013738,3.771867646
468.3963504,27.07035379,7.173906459
468.5546875,28.33363557,9.578040326
468.7131317,29.80327127,11.12278233
468.8716831,31.12597774,12.00398035
469.0303418,32.12223044,12.40603786
469.1891079,32.73644564,12.47787484
469.3479815,32.98692445,12.33055207
469.5069627,32.92806256,12.04311221
469.6660517,32.62647231,11.67019572
469.8252486,32.14815196,11.24889127
469.9845534,31.55302742,10.80412513
470.1439662,30.89388339,10.35263908
470.3034873,30.21769745,9.905838989
470.4631166,29.56822178,9.47181951
470.6228543,28.98920799,9.056823799
470.7827006,28.52794666,8.666337162
470.9426554,28.23878847,8.305958192
471.102719,28.18594409,7.982140879
471.2628915,28.44390126,7.70284631
471.4231729,29.09186694,7.478063283
471.5835633,30.19532301,7.320020031
471.7440629,31.76330706,7.242662307
471.9046718,33.66737077,7.259551849
472.0653901,35.51741672,7.378713796
472.226218,36.53183228,7.592302855
472.3871554,35.5331813,7.85904221
472.5482026,31.29754872,8.080248112
472.7093596,23.37631597,8.079264051
472.8706266,12.96848258,7.610611489
473.0320036,2.851583163,6.437497404
473.1934909,-4.079658535,4.489521724
473.3550884,-6.52439891,2.018667423
473.5167964,-5.167878258,-0.415884024
473.6786148,-1.719555151,-2.211626581
473.8405439,2.221339656,-3.051254853
474.0025838,5.686347079,-3.016074274
474.1647345,8.304339477,-2.435936253
474.3269962,10.06738756,-1.664112458
474.489369,11.12263687,-0.944543465
474.651853,11.65001954,-0.392872349
474.8144483,11.80861411,-0.034277944
474.977155,11.72141475,0.152261972
475.1399733,11.47694329,0.203443151
475.3029033,11.13623745,0.155820359
475.465945,10.74023843,0.039690246
475.6290987,10.31589499,-0.122047241
475.7923643,9.880712366,-0.312994614
475.9557421,9.44596927,-0.521815006
476.1192321,9.01893128,-0.740864399
476.2828345,8.604356211,-0.965092998
476.4465493,8.205518594,-1.191230166
476.6103767,7.824915155,-1.417205786
476.7743168,7.464759925,-1.641750074
476.9383698,7.127334918,-1.864121213
477.1025357,6.815224702,-2.083921783
477.2668146,6.531422771,-2.300975742
477.4312067,6.27924552,-2.515246126
477.5957121,6.061916297,-2.726779872
477.7603309,5.881583757,-2.935670413
477.9250632,5.737433248,-3.142031661
478.0899092,5.622514172,-3.345978876
478.2548689,5.519138138,-3.547613117
478.4199425,5.3935711,-3.747006673
478.5851301,5.192659144,-3.944187077
478.7504317,4.847787176,-4.13911726
478.9158477,4.292966507,-4.331668918
479.0813779,3.498929599,-4.521585377
479.2470227,2.510265982,-4.70842898
479.412782,1.456283469,-4.891506394
479.578656,0.511717366,-5.069763343
479.7446448,-0.178584343,-5.241638692
479.9107486,-0.560146882,-5.404868259
480.0769675,-0.674489407,-5.556235083
480.2433015,-0.617723113,-5.691283836
480.4097508,-0.490269029,-5.804070242
480.5763156,-0.366271259,-5.887133535
480.7429959,-0.286691534,-5.932108586
480.9097918,-0.266178198,-5.931774091
481.0767036,-0.303455875,-5.884792528
481.2437312,-0.389851731,-5.804471452
481.4108749,-0.514636917,-5.731238485
481.5781347,-0.667739584,-5.743015074
481.7455107,-0.840796765,-5.948171551
481.9130032,-1.027329971,-6.441904939
482.0806121,-1.222537911,-7.230434725
482.2483377,-1.422970709,-8.180068036
482.4161801,-1.626208001,-9.063835944
482.5841393,-1.830586778,-9.690777189
482.7522155,-2.034988319,-10.00363499
482.9204088,-2.238678515,-10.06913418
483.0887194,-2.441191302,-10.00201135
483.2571473,-2.64224483,-9.900392551
483.4256927,-2.841681572,-9.822598067
483.5943557,-3.039425409,-9.792412454
483.7631365,-3.235450399,-9.812742296
483.9320351,-3.4297572,-9.877017622
484.1010517,-3.622354019,-9.975971185
484.2701863,-3.813239493,-10.10082232
484.4394392,-4.002385152,-10.2443879
484.6088105,-4.189715016,-10.40121185
484.7783002,-4.375079477,-10.56732074
484.9479086,-4.558219875,-10.73989233
485.1176356,-4.738719052,-10.91695144
485.2874815,-4.915931677,-11.0971265
485.4574464,-5.088886578,-11.27946733
485.6275304,-5.256152442,-11.46331353
485.7977336,-5.415660172,-11.6482016
485.9680561,-5.564484942,-11.83380041
486.1384981,-5.698619291,-12.01986728
486.3090597,-5.812836691,-12.20621937
486.4797411,-5.900889028,-12.39271691
486.6505422,-5.956546596,-12.57925654
486.8214634,-5.976379076,-12.76577433
486.9925047,-5.965477564,-12.95225876
487.1636662,-5.94671664,-13.13877476
487.334948,-5.97089416,-13.325499
487.5063504,-6.117710591,-13.51276551
487.6778733,-6.470615285,-13.70111644
487.849517,-7.059248591,-13.89134701
488.0212816,-7.804793517,-14.08452495
488.1931671,-8.535449341,-14.2819565
488.3651738,-9.085182634,-14.48506792
488.5373017,-9.38869716,-14.69518202
488.709551,-9.489102807,-14.91320094
488.8819219,-9.477788366,-15.13925781
489.0544143,-9.436256633,-15.37245351
489.2270285,-9.413305336,-15.61081346
489.3997646,-9.428547029,-15.85154904
489.5726227,-9.484060315,-16.0915922
489.745603,-9.57418544,-16.32824182
489.9187056,-9.691243799,-16.55970006
490.0919305,-9.828129608,-16.78532699
490.2652781,-9.97914792,-17.00557134
490.4387482,-10.14005579,-17.22166438
490.6123412,-10.30782074,-17.43522421
490.7860571,-10.48032873,-17.64790214
490.9598961,-10.65612801,-17.86114256
491.1338583,-10.83423004,-18.07606733
491.3079438,-11.01396371,-18.29345808
491.4821527,-11.19487187,-18.51379766
491.6564852,-11.37663933,-18.73733683
491.8309415,-11.55904307,-18.9641633
492.0055216,-11.74191838,-19.19426128
492.1802257,-11.92513643,-19.42755715
492.3550539,-12.10859047,-19.66395179
492.5300063,-12.29218964,-19.90334176
492.7050831,-12.47586025,-20.14563227
492.8802845,-12.65955571,-20.39074443
493.0556105,-12.84327719,-20.63861886
493.2310612,-13.02710719,-20.8892172
493.4066369,-13.2112579,-21.14252242
493.5823376,-13.39613273,-21.39853844
493.7581635,-13.58239306,-21.65728948
493.9341147,-13.77101083,-21.91881889
494.1101913,-13.96327271,-22.18318746
494.2863935,-14.16068885,-22.4504707
494.4627215,-14.36476169,-22.72075472
494.6391753,-14.57660596,-22.99413044
494.815755,-14.79648789,-23.27068578
494.9924609,-15.02344826,-23.5504964
495.1692931,-15.25522441,-23.83361556
495.3462516,-15.48861548,-24.12006478
495.5233366,-15.72023378,-24.40982713
495.7005484,-15.9473649,-24.70284524
495.8778869,-16.16858209,-24.99902566
496.0553523,-16.38389555,-25.29824977
496.2329448,-16.59446241,-25.60039026
496.4106645,-16.80206603,-25.90533028
496.5885116,-17.00860245,-26.2129817
496.7664861,-17.21572295,-26.52329894
496.9445883,-17.42466723,-26.83628587
497.1228182,-17.63624625,-27.1519952
497.301176,-17.85090974,-27.47052121
497.4796618,-18.06884362,-27.79198834
497.6582758,-18.29006325,-28.11653811
497.8370181,-18.51448774,-28.44431691
498.0158889,-18.74199214,-28.77546611
498.1948882,-18.97244071,-29.1101154
498.3740162,-19.20570584,-29.44837914
498.5532731,-19.44167751,-29.7903553
498.732659,-19.68026665,-30.13612624
498.9121741,-19.92140521,-30.48576064
499.0918184,-20.16504455,-30.83931582
499.2715921,-20.41115317,-31.19684026
499.4514954,-20.65971449,-31.55837574
499.6315284,-20.91072489,-31.9239593
499.8116912,-21.16419222,-32.29362455
499.991984,-21.42013493,-32.6674028
500.1724069,-21.67858164,-33.04532362
500.3529601,-21.93957122,-33.42741518
500.5336436,-22.20315315,-33.81370424
500.7144577,-22.4693881,-34.20421597
500.8954025,-22.7383482,-34.5989734
501.0764781,-23.01011675,-34.99799685
501.2576847,-23.28478681,-35.40130294
501.4390224,-23.56245803,-35.8089035
501.6204914,-23.8432314,-36.22080426
501.8020917,-24.12720168,-36.63700318
501.9838236,-24.41444808,-37.05748876
502.1656871,-24.70502428,-37.48223804
502.3476825,-24.99894972,-37.91121486
502.5298099,-25.29620478,-38.34436846
502.7120693,-25.59673174,-38.78163328
502.894461,-25.90044301,-39.22293101
503.0769851,-26.20723563,-39.66817664
503.2596418,-26.51700981,-40.11729115
503.4424311,-26.8296874,-40.57022402
503.6253532,-27.14522632,-41.02698946
503.8084084,-27.46362815,-41.48771905
503.9915966,-27.78493792,-41.95272994
504.1749182,-28.10923735,-42.4225993
504.3583731,-28.43663393,-42.89822144
504.5419616,-28.76724882,-43.38080622
504.7256838,-29.10120582,-43.87176542
504.9095398,-29.43862301,-44.37244562
505.0935298,-29.77960739,-44.88372214
505.277654,-30.12425244,-45.40556482
505.4619125,-30.47263786,-45.93677531
505.6463054,-30.82483066,-46.47509002
505.8308329,-31.18088713,-47.01769356
506.0154951,-31.54085493,-47.56196102
506.2002922,-31.90477516,-48.10610787
506.3852243,-32.27268404,-48.64948759
506.5702916,-32.6446143,-49.19248614
506.7554942,-33.02059611,-49.73615578
506.9408322,-33.40065775,-50.28179451
507.1263059,-33.78482589,-50.83062056
507.3119154,-34.17312566,-51.38359416
507.4976608,-34.56558049,-51.94136665
507.6835422,-34.96221172,-52.50430846
507.8695599,-35.3630381,-53.07257108
508.0557139,-35.76807504,-53.64615319
508.2420045,-36.17733375,-54.22495621
508.4284317,-36.59082018,-54.80882513
508.6149957,-37.00853384,-55.39757537
508.8016967,-37.43046651,-55.99100869
508.9885348,-37.85660099,-56.58892128
509.1755102,-38.28691013,-57.19110664
509.362623,-38.72135651,-57.7973549
509.5498734,-39.15989356,-58.40745007
509.7372615,-39.60246913,-59.02116556
509.9247874,-40.04903321,-59.63825848
510.1124514,-40.49955193,-60.25846262
510.3002536,-40.9540302,-60.8814802
510.4881941,-41.41254514,-61.50697213
510.6762731,-41.8752896,-62.13454736
510.8644908,-42.34262052,-62.76375204
511.0528472,-42.81509703,-63.39406125
511.2413426,-43.29348211,-64.02487865
511.429977,-43.77867299,-64.65555452
511.6187508,-44.27153261,-65.28544043
511.8076639,-44.77262949,-65.91400918
511.9967166,-45.28195608,-66.54107717
512.185909,-45.798754,-67.16716141
512.3752413,-46.32157394,-67.79395737
512.5647136,-46.84860207,-68.42479733
512.7543261,-47.3781375,-69.06472629
512.9440789,-47.90901282,-69.71961864
513.1339723,-48.44078813,-70.39389363
513.3240063,-48.97368433,-71.08729199
513.514181,-49.50834776,-71.79263426
513.7044968,-50.04557979,-72.49697193
513.8949537,-50.58612786,-73.18649081
514.0855518,-51.13057158,-73.85219389
514.2762914,-51.67929051,-74.49252259
514.4671726,-52.23248246,-75.1118478
514.6581955,-52.79020318,-75.71690151
514.8493603,-53.35240856,-76.3137375
515.0406672,-53.91898994,-76.90632934
515.2321163,-54.48979983,-77.49651583
515.4237078,-55.06466884,-78.08456464
515.6154418,-55.64341555,-78.66981413
515.8073186,-56.22585157,-79.25116066
515.9993382,-56.81178332,-79.82735719
516.1915008,-57.4010118,-80.39716654
516.3838066,-57.99333129,-80.95942414
516.5762557,-58.58852752,-81.51305236
516.7688484,-59.18637571,-82.05705247
516.9615847,-59.78663915,-82.59048882
517.1544648,-60.38906866,-83.11247213
517.3474889,-60.99340403,-83.62214483
517.5406572,-61.59937855,-84.11866931
517.7339697,-62.20672864,-84.60121898
517.9274267,-62.81521076,-85.0689718
518.1210284,-63.42462833,-85.52110571
518.3147748,-64.03486978,-85.95679558
518.5086662,-64.64595581,-86.37521135
518.7027027,-65.25808576,-86.77551699
518.8968845,-65.87166067,-87.1568702
519.0912117,-66.48724614,-87.51842249
519.2856846,-67.10543304,-87.85931984
519.4803032,-67.72657664,-88.17870349
519.6750677,-68.35046043,-88.47571109
519.8699783,-68.97602287,-88.74947806
520.0650352,-69.60133433,-88.99913909
520.2602386,-70.22393407,-89.22382981
520.4555885,-70.84143322,-89.42268856
520.6510851,-71.45210232,-89.59485838
520.8467287,-72.05516071,-89.73948897
521.0425194,-72.65067906,-89.85573883
521.2384574,-73.23922613,-89.94277746
521.4345427,-73.82147541,-89.99978762
521.6307757,-74.39792511,-90.0259677
521.8271564,-74.9687738,-90.02053409
522.023685,-75.53391601,-89.9827237
522.2203617,-76.09300031,-89.91179655
522.4171866,-76.64550332,-89.80703855
522.61416,-77.19079486,-89.66776445
522.811282,-77.72818526,-89.49332129
523.0085527,-78.25695567,-89.28309234
523.2059724,-78.7763751,-89.03650195
523.4035412,-79.28570879,-88.75302161
523.6012592,-79.78422124,-88.43217779
523.7991266,-80.27117643,-88.0735618
523.9971437,-80.74583681,-87.67684218
524.1953105,-81.20746178,-87.24177951
524.3936273,-81.65530633,-86.76824265
524.5920942,-82.0886199,-86.25622446
524.7907114,-82.5066456,-85.7058531
524.989479,-82.90861986,-85.11739341
525.1883973,-83.29377229,-84.49123207
525.3874663,-83.661326,-83.82784181
525.5866863,-84.01049805,-83.12772454
525.7860575,-84.34050024,-82.39134223
525.98558,-84.65053999,-81.61905332
526.1852539,-84.93982155,-80.81107822
526.3850795,-85.20754719,-79.96751351
526.585057,-85.45291869,-79.08839961
526.7851864,-85.67513888,-78.17382657
526.9854681,-85.87341335,-77.22404705
527.185902,-86.0469522,-76.23956336
527.3864885,-86.19497201,-75.2211678
527.5872277,-86.31669782,-74.16993408
527.7881198,-86.41136525,-73.08717333
527.9891649,-86.47822268,-71.97437483
528.1903633,-86.51653357,-70.833149
528.391715,-86.52557879,-69.66518343
528.5932203,-86.50465911,-68.47221495
528.7948794,-86.45309767,-67.25601607
528.9966924,-86.37024262,-66.01839149
529.1986595,-86.25546983,-64.7611804
529.4007809,-86.10818569,-63.48626114
529.6030567,-85.92783005,-62.19555586
529.8054871,-85.71387944,-60.89103405
530.0080724,-85.46585046,-59.57471427
530.2108126,-85.18330358,-58.24866419
530.4137081,-84.86584736,-56.91499902
530.6167588,-84.51314336,-55.57587855
530.8199651,-84.12491159,-54.23350316
531.0233271,-83.70093669,-52.890109
531.226845,-83.24107463,-51.54796252
531.4305189,-82.74525952,-50.2093544
531.634349,-82.2135097,-48.87659323
531.8383356,-81.6459319,-47.55199864
532.0424788,-81.04272205,-46.2378942
532.2467787,-80.40416089,-44.93659986
532.4512356,-79.7306036,-43.65042401
532.6558497,-79.02246385,-42.38165486
532.8606211,-78.28019456,-41.13255107
533.06555,-77.5042703,-39.9053313
533.2706365,-76.69517703,-38.70216221
533.4758809,-75.85341441,-37.5251444
533.6812834,-74.97951228,-36.37629539
533.8868441,-74.07405874,-35.25752881
534.0925633,-73.13773295,-34.17062833
534.298441,-72.17133416,-33.11721504
534.5044775,-71.17580034,-32.09870697
534.710673,-70.15221353,-31.11627037
534.9170276,-69.10179317,-30.17076451
535.1235415,-68.02588144,-29.26268734
535.330215,-66.92592549,-28.39213983
535.5370482,-65.80346054,-27.55884666
535.7440412,-64.66009602,-26.76230278
535.9511944,-63.49750565,-26.00216021
536.1585078,-62.31742091,-25.27901177
536.3659816,-61.12162713,-24.59571951
536.5736161,-59.91196104,-23.95926607
536.7814114,-58.69030905,-23.38262044
536.9893677,-57.45860549,-22.88526067
537.1974851,-56.21883056,-22.49024066
537.405764,-54.97300771,-22.2163281
537.6142044,-53.72320041,-22.06711602
537.8228066,-52.47150831,-22.02380111
538.0315708,-51.22006287,-22.04907644
538.240497,-49.97102241,-22.10225382
538.4495856,-48.72656674,-22.15599633
538.6588367,-47.4888914,-22.20387254
538.8682505,-46.26020133,-22.25647734
539.0778272,-45.04270423,-22.33202507
539.287567,-43.83860325,-22.44816605
539.4974701,-42.65008912,-22.61787229
539.7075366,-41.47933137,-22.848782
539.9177667,-40.32846851,-23.14427917
540.1281607,-39.19959669,-23.50496805
540.3387188,-38.09475653,-23.92990224
540.549441,-37.01591749,-24.41741024
540.7603277,-35.96495931,-24.96557416
540.971379,-34.94365013,-25.57247126
541.1825951,-33.95362153,-26.23627398
541.3939762,-32.99634211,-26.95527472
541.6055225,-32.07309429,-27.72787497
541.8172342,-31.18496433,-28.55256095
542.0291114,-30.33286579,-29.42787659
542.2411545,-29.51763099,-30.3523989
542.4533635,-28.74022467,-31.32471735
542.6657386,-28.00214728,-32.34341746
542.8782802,-27.30607898,-33.40706829
543.0909882,-26.65671762,-34.51421304
543.3038631,-26.06152471,-35.6633624
543.5169048,-25.53072168,-36.85298999
543.7301138,-25.07562228,-38.08152961
543.94349,-24.70482313,-39.34737399
544.1570338,-24.41936775,-40.64887499
544.3707453,-24.20996605,-41.98434491
544.5846248,-24.05932294,-43.35205911
544.7986724,-23.94921792,-44.75025945
545.0128883,-23.86792652,-46.17715848
545.2272727,-23.81337809,-47.63094383
545.4418259,-23.79124262,-49.10978191
545.656548,-23.81060914,-50.61181998
545.8714392,-23.88023539,-52.13518488
546.0864997,-24.00663854,-53.67797702
546.3017298,-24.19377067,-55.23825783
546.5171296,-24.44350848,-56.81402982
546.7326993,-24.75634252,-58.40320937
546.9484391,-25.13196218,-60.00359428
547.1643493,-25.56965486,-61.61283026
547.38043,-26.06854131,-63.22838225
547.5966814,-26.62769665,-64.84751755
547.8131038,-27.24620217,-66.46730652
548.0296973,-27.92315947,-68.08464385
548.2464622,-28.65768654,-69.69628876
548.4633985,-29.44890665,-71.29891792
548.6805067,-30.29593563,-72.88918144
548.8977868,-31.19787,-74.46375173
549.115239,-32.15377698,-76.01935708
549.3328636,-33.16268645,-77.55279589
549.5506608,-34.22358468,-79.06093242
549.7686307,-35.33540958,-80.5406784
549.9867737,-36.49704703,-81.98896687
550.2050898,-37.70732823,-83.40272455
550.4235792,-38.96502765,-84.77884774
550.6422423,-40.26886158,-86.11418486
550.8610792,-41.61748711,-87.40552646
551.0800901,-43.00950139,-88.64960269
551.2992752,-44.44344124,-89.84308687
551.5186348,-45.91778295,-90.98260378
551.738169,-47.43094226,-92.06474119
551.957878,-48.9812743,-93.08606346
552.177762,-50.5670735,-94.04312638
552.3978214,-52.18657305,-94.93249264
552.6180562,-53.83794364,-95.7507476
552.8384667,-55.51929112,-96.49451528
553.059053,-57.22865249,-97.16047439
553.2798155,-58.96398999,-97.74537463
553.5007543,-60.72318279,-98.24605308
553.7218696,-62.50401664,-98.65945084
553.9431616,-64.30417177,-98.98263005
554.1646306,-66.12121023,-99.21279104
554.3862768,-67.95256432,-99.34728983
554.6081003,-69.79552787,-99.38365585
554.8301014,-71.64725217,-99.31960973
555.0522803,-73.50474776,-99.15308122
555.2746372,-75.36489186,-98.88222693
555.4971724,-77.22444069,-98.50544791
555.719886,-79.08004403,-98.02140678
555.9427782,-80.92825966,-97.42904432
556.1658493,-82.76556487,-96.72759529
556.3890995,-84.58836351,-95.91660318
556.612529,-86.39298778,-94.99593397
556.836138,-88.17569549,-93.96578839
557.0599268,-89.93266414,-92.82671278
557.2838955,-91.65998352,-91.57960839
557.5080443,-93.35364862,-90.2257391
557.7323736,-95.00955419,-88.76673789
557.9568834,-96.62349175,-87.20461221
558.1815741,-98.19114949,-85.54174922
558.4064458,-99.70811502,-83.7809218
558.6314988,-101.1698808,-81.92529697
558.8567333,-102.571852,-79.97844882
559.0821494,-103.9093563,-77.94437859
559.3077475,-105.1776553,-75.82754485
559.5335277,-106.371958,-73.63290646
559.7594903,-107.4874352,-71.36597997
559.9856354,-108.5192353,-69.03291035
560.2119634,-109.4625019,-66.64054917
560.4384743,-110.3123921,-64.19652712
560.6651685,-111.0640965,-61.70929865
560.8920462,-111.7128603,-59.18812741
561.1191076,-112.2540061,-56.64297645
561.3463529,-112.6829576,-54.0842719
561.5737823,-112.9952649,-51.52252967
561.8013961,-113.1866305,-48.96787225
562.0291944,-113.2529369,-46.42951095
562.2571776,-113.1902749,-43.91531016
562.4853458,-112.994973,-41.43156096
562.7136993,-112.6636266,-38.98305533
562.9422383,-112.1931288,-36.57347092
563.1709629,-111.5807,-34.20597945
563.3998735,-110.8239186,-31.88392047
563.6289703,-109.9207502,-29.61136818
563.8582535,-108.869577,-27.39346688
564.0877233,-107.6692251,-25.23649312
564.3173799,-106.3189914,-23.14768271
564.5472236,-104.8186685,-21.13490987
564.7772546,-103.1685679,-19.20631557
565.0074732,-101.3695417,-17.36996248
565.2378795,-99.42300281,-15.63356187
565.4684738,-97.33094478,-14.00428697
565.6992563,-95.09596173,-12.48866638
565.9302273,-92.72127043,-11.09253995
566.1613869,-90.21073681,-9.821057586
566.3927355,-87.56890927,-8.678703586
566.6242733,-84.8010619,-7.669333592
566.8560004,-81.91324917,-6.796215825
567.0879171,-78.91237164,-6.062071973
567.3200236,-75.80624725,-5.469115762
567.5523203,-72.60367508,-5.019088961
567.7848072,-69.31446865,-4.713295427
568.0174847,-65.94942589,-4.552634143
568.250353,-62.52019808,-4.53763209
568.4834123,-59.03902831,-4.668477328
568.7166629,-55.51835657,-4.945051987
568.9501049,-51.9703356,-5.366963792
569.1837387,-48.40635563,-5.933573611
569.4175644,-44.83671114,-6.644015076
569.6515823,-41.27053155,-7.497201175
569.8857926,-37.71602692,-8.491811887
570.1201956,-34.18099168,-9.626257284
570.3547915,-30.67341374,-10.8986125
570.5895806,-27.20200214,-12.30652513
570.824563,-23.77648894,-13.84710214
571.0597391,-20.40765342,-15.51679104
571.295109,-17.10711037,-17.31127774
571.530673,-13.88695983,-19.22542739
571.7664314,-10.75940309,-21.25329261
572.0023843,-7.736403335,-23.38820371
572.2385321,-4.829430111,-25.62293876
572.4748749,-2.04929417,-27.94995212
572.7114131,0.593941408,-30.36162421
572.9481468,3.09099531,-32.85048825
573.1850763,5.433368201,-35.40939506
573.4222018,7.613325223,-38.03159241
573.6595236,9.623871452,-40.71071528
573.8970419,11.45872625,-43.44070239
574.134757,13.11229917,-46.2156655
574.3726691,14.57966782,-49.02974152
574.6107784,15.85655741,-51.87695302
574.8490853,16.93932068,-54.75109445
575.0875899,17.82491763,-57.64565198
575.3262925,18.51089406,-60.55375738
575.5651933,18.99535867,-63.46817095
575.8042926,19.27695881,-66.38128673
576.0435907,19.35485532,-69.28515232
576.2830877,19.22869762,-72.17149725
576.522784,18.89860058,-75.03176507
576.7626797,18.36512507,-77.85714611
577.0027752,17.62926449,-80.63860915
577.2430707,16.69243913,-83.36693141
577.4835663,15.55649973,-86.03272697
577.7242625,14.22373995,-88.626474
577.9651594,12.69691562,-91.13854153
578.2062572,10.9792657,-93.55921665
578.4475563,9.074528029,-95.87873271
578.6890569,6.986941336,-98.08729931
578.9307592,4.72122574,-100.1751346
579.1726635,2.282537036,-102.1325003
579.4147701,-0.323604735,-103.94974
579.6570791,-3.091405745,-105.6173208
579.8995909,-6.014895835,-107.1258786
580.1423057,-9.08801831,-108.4662664
580.3852238,-12.30469845,-109.6296076
580.6283454,-15.65888161,-110.6073512
580.8716707,-19.14453829,-111.3913312
581.1152001,-22.75563965,-111.9738291
581.3589337,-26.48611198,-112.3476387
581.6028719,-30.32977981,-112.5061334
581.8470149,-34.28030731,-112.4433347
582.091363,-38.33114466,-112.1539828
582.3359163,-42.47548343,-111.6336063
582.5806753,-46.70622193,-110.878593
582.8256401,-51.01593963,-109.8862582
583.0708109,-55.39687854,-108.6549119
583.3161882,-59.84092911,-107.1839224
583.561772,-64.33961844,-105.4737764
583.8075627,-68.88409903,-103.5261339
584.0535606,-73.46513692,-101.3438768
584.2997658,-78.07309865,-98.93115104
584.5461787,-82.69793674,-96.29339995
584.7927995,-87.32917405,-93.43738865
585.0396286,-91.95588731,-90.37121801
585.286666,-96.5666904,-87.10432716
585.5339122,-101.1497182,-83.64748356
585.7813674,-105.6926114,-80.01275957
586.0290318,-110.1825035,-76.21349469
586.2769057,-114.6060104,-72.26424273
586.5249894,-118.9492232,-68.1807036
586.7732832,-123.1977063,-63.97963959
587.0217872,-127.3364991,-59.67877669
587.2705018,-131.3501254,-55.29669217
587.5194273,-135.2226083,-50.85269018
587.7685639,-138.9374937,-46.36666809
588.0179119,-142.4778816,-41.85897666
588.2674715,-145.8264674,-37.35027775
588.517243,-148.9655931,-32.86140312
588.7672267,-151.8773092,-28.41321763
589.0174229,-154.5434488,-24.02648947
589.2678318,-156.9457133,-19.72176876
589.5184538,-159.0657713,-15.51927499
589.769289,-160.8853696,-11.43879259
590.0203377,-162.3864589,-7.499573071
590.2716003,-163.5513309,-3.720242164
590.5230769,-164.3627695,-0.118710281
590.7747679,-164.8042134,3.287914577
591.0266736,-164.8599305,6.483411607
591.2787942,-164.5152024,9.452528932
591.53113,-163.7565176,12.18106083
591.7836812,-162.5717712,14.65591856
592.0364482,-160.9504691,16.86519285
592.2894312,-158.8839342,18.79820616
592.5426305,-156.3655109,20.44555348
592.7960464,-153.3907647,21.79913072
593.0496791,-149.957674,22.85215054
593.303529,-146.066808,23.59914591
593.5575962,-141.7214888,24.03596218
593.8118812,-136.9279311,24.15973874
594.0663841,-131.6953567,23.96888159
594.3211053,-126.0360778,23.46302842
594.576045,-119.9655475,22.64300743
594.8312035,-113.502371,21.51079174
595.0865811,-106.6682782,20.06945043
595.3421781,-99.48805383,18.32309786
595.5979947,-91.98942572,16.27684233
595.8540313,-84.20291261,13.93673518
596.1102881,-76.16163301,11.30972144
596.3667655,-67.9010789,8.403592728
596.6234636,-59.45885807,5.226943288
596.8803828,-50.87440942,1.789129648
597.1375233,-42.18869552,-1.899765545
597.3948855,-33.44387621,-5.828965237
597.6524697,-24.68296714,-9.987025003
597.9102761,-15.94948629,-14.36185542
598.168305,-7.28709235,-18.94073992
598.4265567,1.260781506,-23.71034844
598.6850314,9.651293605,-28.65674752
598.9437296,17.84255432,-33.76540756
599.2026514,25.79397516,-39.02120828
599.4617972,33.46660003,-44.40844371
599.7211673,40.82341236,-49.91082811
599.9807618,47.82961237,-55.51150442
600.2405812,54.45285926,-61.19305683
600.5006258,60.66347478,-66.93752873
600.7608957,66.43460536,-72.72644661
601.0213914,71.7423416,-78.54084958
601.2821131,76.56579521,-84.36132211
601.543061,80.88713433,-90.16802566
601.8042356,84.69157931,-95.94072167
602.0656371,87.96736175,-101.6587757
602.3272657,90.70565021,-107.3011303
602.5891218,92.90044631,-112.846234
602.8512057,94.54845541,-118.2719154
603.1135177,95.64893597,-123.5552021
603.376058,96.20353202,-128.6720919
603.6388271,96.21609279,-133.597303
603.901825,95.69248365,-138.3040483
604.1650523,94.64039209,-142.7638854
604.4285091,93.0691325,-146.9467036
604.6921958,90.98945269,-150.8208897
604.9561127,88.41334539,-154.3536913
605.22026,85.35386694,-157.5117564
605.4846382,81.82496554,-160.2617961
605.7492474,77.84132076,-162.5712887
606.0140879,73.41819551,-164.4091454
606.2791602,68.57130182,-165.7462709
606.5444644,63.31668064,-166.5559854
606.810001,57.67059627,-166.8143078
607.0757701,51.64944511,-166.5001299
607.3417722,45.2696785,-165.5953239
607.6080074,38.54773886,-164.0848295
607.8744762,31.50000849,-161.956756
608.1411788,24.14276989,-159.2025224
608.4081155,16.49217695,-155.8170405
608.6752867,8.564236586,-151.7989376
608.9426926,0.374800999,-147.150802
609.2103335,-8.060427728,-141.8794355
609.4782099,-16.72587772,-135.996092
609.7463219,-25.60606672,-129.5166846
610.0146699,-34.68553355,-122.4619457
610.2832542,-43.9487324,-114.8575267
610.5520752,-53.37988079,-106.7340279
610.821133,-62.96275396,-98.12695223
611.0904281,-72.68042449,-89.07657761
611.3599608,-82.51495513,-79.62774755
611.6297313,-92.44706552,-69.82958008
611.89974,-102.4558053,-59.73509853
612.1699872,-112.518274,-49.40078915
612.4404733,-122.6094268,-38.8860931
612.7111984,-132.7019925,-28.25284164
612.982163,-142.7665059,-17.56464532
613.2533674,-152.7714317,-6.886249057
613.5248119,-162.6833318,3.717134048
613.7964968,-172.4670224,14.18049661
614.0684223,-182.0856696,24.43970499
614.340589,-191.500798,34.43214813
614.612997,-200.6722097,44.09735436
614.8856467,-209.5578362,53.37756466
615.1585384,-218.1135623,62.21825203
615.4316724,-226.2930632,70.56857842
615.7050491,-234.047693,78.38178256
615.9786688,-241.3264513,85.61549396
616.2525317,-248.076047,92.2319706
616.5266383,-254.2410664,98.19825975
616.8009889,-259.7642481,103.4862835
617.0755837,-264.5868633,108.0728522
617.3504231,-268.6491999,111.9396107
617.6255075,-271.8911455,115.0729243
617.9008371,-274.2528692,117.4637101
618.1764123,-275.6755955,119.1072247
618.4522334,-276.1024678,120.0028128
618.7283008,-275.4794939,120.1536298
619.0046147,-273.7565645,119.5663426
619.2811755,-270.8885307,118.2508191
619.5579836,-266.8363262,116.2198117
619.8350393,-261.5681102,113.4886423
620.1123428,-255.060409,110.0748917
620.3898946,-247.2992257,105.998099
620.6676949,-238.2810871,101.2794725
620.9457442,-228.0139919,95.94161567
621.2240426,-216.5182263,90.00826854
621.5025907,-203.8270093,83.50406774
621.7813886,-189.9869343,76.45432667
622.0604368,-175.0581766,68.8848387
622.3397356,-159.1144399,60.82170658
622.6192853,-142.2426231,52.29120123
622.8990862,-124.5421973,43.31965338
623.1791388,-106.1242904,33.93338053
623.4594433,-87.11049065,24.15865131
623.74,-67.63138577,14.02168751
624.0208094,-47.82487122,3.548703247
624.3018717,-27.83426507,-7.2340207
624.5831873,-7.806278605,-18.30003043
624.8647566,12.11110349,-29.62256378
625.1465798,31.77077498,-41.17439053
625.4286574,51.02863246,-52.9276316
625.7109896,69.74561394,-64.85356107
625.9935769,87.78959721,-76.92239431
626.2764195,105.0371096,-89.10306517
626.5595178,121.3748092,-101.3629953
626.8428722,136.7007064,-113.6678581
627.126483,150.9251059,-125.9813411
627.4103506,163.9712594,-138.2649087
627.6944752,175.775729,-150.4775713
627.9788573,186.2884712,-162.575663
628.2634972,195.4726603,-174.5126355
628.5483952,203.3042742,-186.238873
628.8335518,209.7714743,-197.7015361
629.1189672,214.8738099,-208.8444429
629.4046418,218.6212839,-219.6079963
629.6905759,221.0333142,-229.9291682
629.97677,222.1376245,-239.7415506
630.2632244,221.969099,-248.9754861
630.5499393,220.5686308,-257.55829
630.8369153,217.981991,-265.4145746
631.1241526,214.2587435,-272.466689
631.4116516,209.4512264,-278.6352834
631.6994126,203.6136133,-283.8400092
631.987436,196.8010696,-288.0003592
632.2757223,189.0690086,-291.0366546
632.5642716,180.4724517,-292.8711758
632.8530844,171.0654926,-293.4294346
633.1421611,160.9008622,-292.6415759
633.431502,150.0295895,-290.443892
633.7211074,138.5007518,-286.7804262
634.0109778,126.3613067,-281.6046341
634.3011135,113.6559993,-274.881064
634.5915149,100.4273373,-266.5870104
634.8821823,86.71562654,-256.7140897
635.1731161,72.55906193,-245.2696808
635.4643166,57.9938682,-232.2781714
635.7557843,43.05448514,-217.7819508
636.0475195,27.77379374,-201.8420907
636.3395225,12.18337948,-184.5386624
636.6317938,-3.686170481,-165.9706482
636.9243337,-19.80493866,-146.2554133
637.2171426,-36.14331979,-125.5277238
637.5102208,-52.67163655,-103.93831
637.8035687,-69.35973051,-81.65199211
638.0971867,-86.17653034,-58.84540854
638.3910752,-103.0895994,-35.70439846
638.6852345,-120.064665,-12.42111201
638.979665,-137.0651324,10.80906869
639.2743671,-154.0515869,33.79070384
639.5693412,-170.9812886,56.33146768
639.8645876,-187.8076647,78.24521929
640.1601067,-204.4798072,99.35487969
640.455899,-220.9419839,119.4950314
640.7519647,-237.1331723,138.5141705
641.0483042,-252.9866304,156.2765569
641.344918,-268.429518,172.6636273
641.6418064,-283.3825853,187.5749528
641.9389698,-297.75995,200.9287433
642.2364086,-311.468984,212.6619151
642.5341231,-324.4103349,222.7297556
642.8321138,-336.4781083,231.1052286
643.130381,-347.56024,237.7779718
643.4289251,-357.5390867,242.7530472
643.7277465,-366.2922621,246.0495018
644.0268456,-373.6937473,247.6987999
644.3262228,-379.6152957,247.7431828
644.6258785,-383.9281507,246.2340075
644.925813,-386.505084,243.2301107
645.2260267,-387.2227536,238.796234
645.5265201,-385.9643642,233.0015436
645.8272934,-382.6226005,225.9182661
646.1283472,-377.1027836,217.6204585
646.4296818,-369.3261811,208.1829207
646.7312976,-359.2333843,197.6802581
647.033195,-346.7876439,186.1860931
647.3353744,-331.9780392,173.772424
647.6378362,-314.8223449,160.509125
647.9405807,-295.3694492,146.4635818
648.2436084,-273.7011786,131.7004529
648.5469197,-249.9333927,116.2815485
648.8505149,-224.2162296,100.2658178
649.1543945,-196.7334112,83.70943482
649.4585589,-167.7005515,66.66597381
649.7630085,-137.3624571,49.18666475
650.0677436,-105.9894569,31.32072081
650.3727647,-73.87284533,13.11572893
650.6780722,-41.31957698,-5.38190386
650.9836664,-8.646387985,-24.126456
651.2895479,23.82644385,-43.07235531
651.5957169,55.78146778,-62.17360791
651.9021739,86.91031745,-81.38319822
652.2089193,116.9196232,-100.6524662
652.5159536,145.5363664,-119.9304681
652.823277,172.5124963,-139.1633284
653.1308901,197.62867,-158.2935893
653.4387931,220.6970276,-177.2595689
653.7469867,241.5629595,-195.9947371
654.0554711,260.1058776,-214.4271239
654.3642467,276.2390399,-232.4787735
654.6733141,289.9085184,-250.0652643
654.9826735,301.0914277,-267.0953142
655.2923255,309.7935488,-283.4704963
655.6022703,316.0464926,-299.0850917
655.9125085,319.9045487,-313.8261098
656.2230405,321.4413576,-327.573508
656.5338666,320.7465329,-340.2006453
656.8449874,317.9223429,-351.5750037
657.1564031,313.0805435,-361.5592118
657.4681143,306.3394342,-370.0124006
657.7801213,297.8211888,-376.7919168
658.0924246,287.6494976,-381.7554114
658.4050245,275.9475362,-384.7633097
658.7179216,262.8362683,-385.6816548
659.0311163,248.4330745,-384.3852987
659.3446089,232.850692,-380.7613958
659.6583999,216.1964435,-374.7131292
659.9724897,198.5717304,-366.1635766
660.2868787,180.0717623,-355.0595997
660.6015675,160.7854951,-341.3756159
660.9165563,140.7957506,-325.117094
661.2318456,120.1794928,-306.3236035
661.547436,99.00823679,-285.0712398
661.8633277,77.3485711,-261.4742567
662.1795212,55.2627746,-235.6857502
662.496017,32.80951407,-207.8972705
662.8128155,10.04460908,-178.3372767
663.1299171,-12.9781459,-147.2684007
663.4473222,-36.206111,-114.9835442
663.7650314,-59.58688934,-81.80089416
664.083045,-83.06738093,-48.05800299
664.4013634,-106.5928083,-14.10513382
664.7199872,-130.1057207,19.70188321
665.0389167,-153.5449836,53.00900824
665.3581524,-176.8447633,85.47127324
665.6776948,-199.9335175,116.7597036
665.9975442,-222.7330053,146.5676179
666.3177011,-245.1573353,174.6160819
666.638166,-267.1120724,200.6583443
666.9589393,-288.493431,224.4831389
667.2800214,-309.1875859,245.9168008
667.6014128,-329.07014,264.8242023
667.923114,-348.0057904,281.1085731
668.2451253,-365.8482443,294.7103078
668.5674473,-382.4404385,305.6049068
668.8900804,-397.6151199,313.800212
669.2130251,-411.1958483,319.3331132
669.5362817,-422.9984803,322.2659019
669.8598507,-432.8331892,322.6824368
670.1837327,-440.5070674,320.684272
670.507928,-445.8273439,316.386877
670.8324371,-448.6052276,309.9160543
671.1572605,-448.6603634,301.404636
671.4823985,-445.8258534,290.9895173
671.8078518,-439.9537565,278.8090632
672.1336207,-430.9209378,265.0009068
672.4597057,-418.6350933,249.7001404
672.7861072,-403.0407302,233.0378888
673.1128258,-384.1248453,215.1402461
673.4398618,-361.9220108,196.1275488
673.7672158,-336.5185621,176.1139557
674.0948881,-308.0555826,155.2073018
674.4228794,-276.7304047,133.5091952
674.75119,-242.7963907,111.1153239
675.0798203,-206.5608312,88.11594323
675.408771,-168.3808847,64.59651643
675.7380424,-128.6575941,40.63848286
676.0676349,-87.82812412,16.32013044
676.3975492,-46.35648114,-8.282447735
676.7277856,-4.723075353,-33.09433135
677.0583446,36.58643497,-58.04070193
677.3892268,77.092526,-83.04573839
677.7204324,116.3329111,-108.0314933
678.0519622,153.8728767,-132.9167642
678.3838164,189.3144188,-157.6159751
678.7159956,222.303829,-182.0380834
679.0485004,252.5374817,-206.0855334
679.381331,279.7656894,-229.6532759
679.7144881,303.7946037,-252.6278836
680.0479721,324.4862466,-274.8867938
680.3817835,341.7568469,-296.2977164
680.7159227,355.5737206,-316.7182525
681.0503903,365.9509838,-335.9957754
681.3851868,372.9444025,-353.9676276
681.7203126,376.6456862,-370.4616968
682.0557682,377.1765134,-385.2974309
682.3915541,374.6825453,-398.2873524
682.7276708,369.3276421,-409.2391285
683.0641187,361.2884559,-417.9582418
683.4008984,350.7495236,-424.2512908
683.7380104,337.898945,-427.9299304
684.0754551,322.9246897,-428.8154289
684.4132331,306.0115477,-426.7437912
684.7513448,287.3387079,-421.5713485
685.0897908,267.0779342,-413.1806788
685.4285714,245.3922909,-401.486671
685.7676873,222.435364,-386.4425016
686.1071389,198.3509184,-368.0452578
686.4469268,173.2729342,-346.3409062
686.7870513,147.3259641,-321.4282981
687.1275131,120.6257611,-293.461904
687.4683126,93.28013092,-262.6530005
687.8094503,65.38996881,-229.2690821
688.1509267,37.05044854,-193.6313496
688.4927424,8.352335208,-156.1102186
688.8348978,-20.61660029,-117.1189045
689.1773935,-49.77008407,-77.10525522
689.5202299,-79.02177622,-36.5421154
689.8634076,-108.2836574,4.083394842
690.2069271,-137.4643816,44.28122886
690.5507888,-166.4676137,83.56988757
690.8949934,-195.1903726,121.4875077
691.2395412,-223.5214082,157.60208
691.5844329,-251.3396422,191.520376
691.9296689,-278.5127151,222.8952469
692.2752497,-304.8956851,251.4310709
692.6211759,-330.3299373,276.8872341
692.9674481,-354.64237,299.0796509
693.3140666,-377.644935,317.8804282
693.661032,-399.1346171,333.2158667
694.0083449,-418.8939494,345.0630562
694.3560058,-436.6921599,353.4453582
694.7040151,-452.2870533,358.4270908
695.0523735,-465.4277186,360.1077204
695.4010814,-475.8581491,358.6158472
695.7501394,-483.3218304,354.1032339
696.099548,-487.567327,346.7390873
696.4493077,-488.3548461,336.7047553
696.7994191,-485.4637059,324.1889572
697.1498826,-478.7005624,309.3836228
697.5006989,-467.9081767,292.4803784
697.8518684,-452.9744214,273.6676881
698.2033917,-433.8411478,253.1286318
698.5552693,-410.5124673,231.0392852
698.9075018,-383.0619514,207.5676551
699.2600897,-351.6382353,182.8731139
699.6130335,-316.4685243,157.1062762
699.9663337,-277.8595618,130.4092587
700.319991,-236.1957218,102.9162698
700.6740058,-191.9340323,74.75447423
701.0283788,-145.5961161,46.045088
701.3831103,-97.75723423,16.90465962
701.738201,-49.03282087,-12.55350015
702.0936515,-0.063080873,-42.21777437
702.4494622,48.50362718,-71.97661387
702.8056338,96.02780651,-101.7168589
703.1621667,141.8953873,-131.3220392
703.5190616,185.5330292,-160.6706827
703.8763189,226.4214472,-189.6346682
704.2339393,264.1061999,-218.0776598
704.5919232,298.2055639,-245.8536667
704.9502712,328.415323,-272.8057804
705.308984,354.5104973,-298.7651466
705.668062,376.3442161,-323.5502406
706.0275058,393.8440809,-346.9665197
706.387316,407.0064653,-368.8065373
706.7474931,415.8892549,-388.8506063
707.1080376,420.6035429,-406.8681033
707.4689503,421.3047766,-422.6195035
707.8302315,418.1837975,-435.8592289
708.1918819,411.4581517,-446.3393762
708.5539021,401.3639657,-453.8143681
708.9162925,388.1486056,-458.0465365
709.2790539,372.0642602,-458.8126015
709.6421867,353.3625211,-455.9109527
710.0056915,332.2899785,-449.1695762
710.3695689,309.0848035,-438.454396
710.7338195,283.9742618,-423.6777263
711.0984438,257.1730743,-404.8064601
711.4634425,228.8825369,-381.8695619
711.828816,199.2903001,-354.9643925
712.194565,168.5707142,-324.2613853
712.56069,136.8856519,-290.0066192
712.9271917,104.3857252,-252.5218976
713.2940706,71.21182527,-212.2020526
713.6613272,37.49692317,-169.5093379
714.0289623,3.368077254,-124.9649456
714.3969763,-31.05139788,-79.1378749
714.7653699,-65.63964015,-32.63156201
715.1341435,-100.2738617,13.93114849
715.503298,-134.8279165,59.9239863
715.8728337,-169.1698473,104.7334107
716.2427513,-203.1594491,147.774144
716.6130515,-236.6458908,188.5033357
716.9837347,-269.465447,226.432718
717.3548016,-301.4394012,261.1382619
717.7262528,-332.3721982,292.2670237
718.0980889,-362.0499354,319.5410645
718.4703104,-390.239304,342.7585034
718.8429181,-416.6871046,361.7919305
719.2159124,-441.1204811,376.584527
719.589294,-463.2480269,387.14433
719.9630634,-482.7619251,393.5371188
720.3372214,-499.3412824,395.8784107
720.7117684,-512.6568,394.3250229
721.0867052,-522.3768955,389.066611
721.4620323,-528.1753388,380.3175238
721.8377503,-529.7403927,368.309244
722.2138598,-526.7853582,353.2836069
722.5903614,-519.0603067,335.4869208
722.9672559,-506.3646569,315.1650509
723.3445437,-488.5601133,292.5594772
723.7222254,-465.5833545,267.904298
724.1003018,-437.4577455,241.4241206
724.4787734,-404.3032721,213.332764
724.8576409,-366.3438735,183.8326845
725.2369048,-323.9113922,153.1150353
725.6165658,-277.4454844,121.3602692
725.9966246,-227.4890332,88.73919916
726.3770816,-174.6788741,55.41443891
726.7579377,-119.7319661,21.54215144
727.1391933,-63.42747733,-12.72595843
727.5208491,-6.585582833,-47.24046568
727.9029058,49.95595346,-81.85191448
728.285364,105.3661502,-116.4084267
728.6682243,158.8447878,-150.7532808
729.0514873,209.6446845,-184.7225144
729.4351538,257.0911087,-218.1426105
729.8192242,300.59741,-250.8283331
730.2036994,339.6762615,-282.58079
730.5885798,373.9462436,-313.1858121
730.9738662,403.1338291,-342.4127516
731.3595591,427.0711256,-370.0138156
731.7456593,445.6899527,-395.7240658
732.1321674,459.0129925,-419.2622218
732.519084,467.1428221,-440.3324147
732.9064097,470.2496406,-458.6270308
733.2941453,468.5584521,-473.8307777
733.6822914,462.3363608,-485.6260727
734.0708485,451.8805176,-493.6998168
734.4598175,437.5071184,-497.7515547
734.8491989,419.5417273,-497.5029415
735.2389933,398.3110758,-492.7083412
735.6292016,374.1363931,-483.1662694
736.0198242,347.328239,-468.7312731
736.4108619,318.1827554,-449.3257209
736.8023153,286.9792135,-424.9508721
737.1941851,253.9787108,-395.6965155
737.5864719,219.4238652,-361.748433
737.9791765,183.5393558,-323.3929663
738.3722995,146.5331676,-281.0180515
738.7658415,108.5984117,-235.1102451
739.1598033,69.91560955,-186.2474863
739.5541854,30.65534256,-135.0876163
739.9489887,-9.018814309,-82.35297476
740.3442136,-48.94714669,-28.81169712
740.7398611,-88.97050373,24.74340017
741.1359316,-128.9269067,77.51725331
741.5324258,-168.6481189,128.7350998
741.9293446,-207.9562353,177.6639275
742.3266885,-246.6603597,223.631703
742.7244582,-284.5534468,266.0434468
743.1226544,-321.4094068,304.3934798
743.5212779,-356.9805872,338.27346
743.9203292,-390.9957721,367.3761379
744.3198091,-423.1588631,391.4950357
744.7197182,-453.1484318,410.5204924
745.1200573,-480.6183536,424.4326874
745.5208271,-505.1997501,433.2923567
745.9220282,-526.5044685,437.229949
746.3236614,-544.130319,436.4339456
746.7257273,-557.6682525,431.1389966
747.1282266,-566.7116073,421.6144228
747.5311601,-570.8674573,408.1535192
747.9345284,-569.7699739,391.063971
748.3383323,-563.0955547,370.6595814
748.7425725,-550.5792887,347.2534092
749.1472496,-532.0321258,321.1523318
749.5523644,-507.3579194,292.6529861
749.9579175,-476.5693305,262.0389906
750.3639098,-439.8014567,229.5793304
750.7703418,-397.3219945,195.5277631
751.1772144,-349.5368017,160.123107
751.5845283,-296.9898897,123.5902704
751.992284,-240.3571783,86.14189473
752.4004825,-180.4337421,47.98049112
752.8091244,-118.1147644,9.30096505
753.2182104,-54.37092556,-29.7065668
753.6277412,9.780561178,-68.8537536
754.0377176,73.307656,-107.9508618
754.4481403,135.1960711,-146.8035788
754.85901,194.48077,-185.2098488
755.2703275,250.274538,-222.9568254
755.6820935,301.7920517,-259.8180369
756.0943087,348.368284,-295.5508726
756.5069739,389.470574,-329.8945143
756.9200898,424.7042033,-362.5684576
757.3336571,453.8117961,-393.2717839
757.7476766,476.6672527,-421.6833623
758.162149,493.2652078,-447.463171
758.5770751,503.7071636,-470.2549345
758.9924556,508.1854844,-489.6902607
759.4082912,506.9663837,-505.3944415
759.8245828,500.3728954,-516.9940309
760.241331,488.7686423,-524.1262483
760.6585366,472.5430135,-526.4501546
761.0762004,452.0981613,-523.6594263
761.494323,427.838049,-515.4964066
761.9129054,400.1596277,-501.7669455
762.3319482,369.4460992,-482.3553759
762.7514522,336.0621374,-457.2388167
763.1714181,300.3508833,-426.4998719
763.5918467,262.6324996,-390.3367274
764.0127389,223.2040605,-349.0696589
764.4340952,182.3405592,-303.1430671
764.8559166,140.2968285,-253.1223578
765.2782038,97.31019528,-199.6852844
765.7009575,53.60370742,-143.6077465
766.1241786,9.38979919,-85.74445311
766.5478678,-35.12572291,-27.00528174
766.9720258,-79.7394748,31.67146671
767.3966535,-124.2461617,89.34743723
767.8217517,-168.4342051,145.1125872
768.2473211,-212.0814202,198.1119228
768.6733625,-254.9508442,247.5691283
769.0998767,-296.7868305,292.8058882
769.5268645,-337.3115473,333.2560768
769.9543266,-376.2220435,368.4744073
770.3822639,-413.1880786,398.1395505
770.8106772,-447.8509425,422.0521103
771.2395672,-479.8235195,440.1281383
771.6689348,-508.6918793,452.389076
772.0987807,-534.0186817,458.9491117
772.5291058,-555.3486802,460.0009525
772.9599108,-572.2165734,455.8009449
773.3911965,-584.1573869,446.6543519
773.8229638,-590.7194625,432.9014454
774.2552135,-591.4799798,414.9048998
774.6879463,-586.062741,393.0388121
775.1211632,-574.1577166,367.6795263
775.5548648,-555.5415896,339.198315
775.989052,-530.0982759,307.9558764
776.4237256,-497.8381589,274.2985327
776.8588865,-458.9146084,238.5559721
777.2945355,-413.6362751,201.0403485
777.7306733,-362.4737209,162.0465484
778.1673009,-306.0591611,121.8534306
778.6044189,-245.1784847,80.72586126
779.0420284,-180.7552446,38.9173744
779.48013,-113.8269445,-3.326692893
779.9187246,-45.51461321,-45.76572978
780.3578131,23.01272089,-88.16017372
780.7973963,90.5765497,-130.2677474
781.2374749,156.0279959,-171.839731
781.67805,218.2850513,-212.6173957
782.1191223,276.3656677,-252.3287298
782.5606926,329.4148349,-290.6856086
783.0027617,376.7243481,-327.3815695
783.4453307,417.7446248,-362.0903771
783.8884002,452.0885869,-394.4655805
784.3319711,479.52821,-424.1412779
784.7760443,499.9847999,-450.7343121
785.2206206,513.5143568,-473.8481148
785.665701,520.2895221,-493.0783928
786.1112862,520.5795948,-508.0208065
786.557377,514.7299699,-518.2807157
787.0039745,503.142145,-523.4849643
787.4510794,486.2551852,-523.2955384
787.8986926,464.5292729,-517.4247714
788.346815,438.4317245,-505.6515768
788.7954474,408.4256384,-487.8380014
789.2445907,374.9611707,-463.9452029
789.6942457,338.4693041,-434.0478094
790.1444135,299.3578939,-398.345527
790.5950947,258.0097238,-357.1708621
791.0462904,214.7822867,-310.9919259
791.4980014,170.0090062,-260.4095158
791.9502285,124.0016301,-206.1479962
792.4029727,77.05355552,-149.0399354
792.8562349,29.44386524,-90.00493306
793.3100159,-18.55811106,-30.023561
793.7643166,-66.68788163,29.89222809
794.219138,-114.6806752,88.73054255
794.6744808,-162.2662663,145.5109901
795.1303461,-209.1638894,199.314259
795.5867347,-255.0773952,249.3081632
796.0436475,-299.6908229,294.7688
796.5010854,-342.6645838,335.0959028
796.9590494,-383.6324852,369.8219571
797.4175403,-422.1998546,398.6151309
797.876559,-457.9430575,421.2764976
798.3361065,-490.4107294,437.7323632
798.7961836,-519.1270543,448.0227316
799.2567914,-543.5974173,452.2870438
799.7179306,-563.3167203,450.7483273
800.1796023,-577.7805786,443.6967983
800.6418073,-586.4994894,431.4738136
801.1045466,-589.0158973,414.456884
801.5678211,-584.9238486,393.0462642
802.0316317,-573.8906619,367.6534522
802.4959794,-555.6797356,338.6917624
802.9608651,-530.1733111,306.5690026
803.4262897,-497.3937337,271.6821803
803.8922542,-457.5215581,234.4140897
804.3587594,-410.9087667,195.1315816
804.8258065,-358.0854553,154.1852986
805.2933962,-299.7586164,111.9106423
805.7615295,-236.8021172,68.62975045
806.2302075,-170.2376049,24.65426402
806.6994309,-101.206819,-19.71131674
807.1692009,-30.93656443,-64.16588135
807.6395183,39.30169359,-108.407746
808.1103841,108.2351137,-152.1306571
808.5817993,174.6328448,-195.0199432
809.0537648,237.3466712,-236.7490001
809.5262816,295.346412,-276.9763109
809.9993507,347.7480822,-315.3432122
810.472973,393.8335185,-351.4726387
810.9471495,433.0609493,-384.9690909
811.4218811,465.066739,-415.420078
811.8971689,489.6591785,-442.3992888
812.3730138,506.8056742,-465.47172
812.8494168,516.6149727,-484.2009521
813.3263789,519.3161544,-498.1586893
813.8039011,515.2360626,-506.9365769
814.2819843,504.7766392,-510.1601675
814.7606296,488.3933727,-507.5047345
815.2398379,466.5757548,-498.7124259
815.7196103,439.8303431,-483.6100394
816.1999477,408.6667536,-462.1264818
816.6808511,373.5866765,-434.3088006
817.1623215,335.0758354,-400.3355494
817.64436,293.5986836,-360.5262228
818.1269675,249.595554,-315.3455768
818.610145,203.4819394,-265.4018713
819.0938936,155.6495685,-211.4384148
819.5782143,106.4689547,-154.3182516
820.0631081,56.29311236,-95.00236091
820.5485759,5.46216481,-34.52228746
821.0346189,-45.69140816,26.0513785
821.5212381,-96.83711501,85.64286408
822.0084344,-147.6406073,143.205387
822.4962089,-197.7578605,197.7535771
822.9845626,-246.8296027,248.3922537
823.4734966,-294.4762326,294.3400119
823.9630119,-340.2934919,334.9465453
824.4531095,-383.8491948,369.7031735
824.9437905,-424.6813488,398.2465846
825.4350559,-462.2980406,420.3562891
825.9269068,-496.1794801,435.9466636
826.4193442,-525.7826059,445.0547176
826.9123691,-550.5486285,447.8248422
827.4059826,-569.913828,444.4917972
827.9001858,-583.3238019,435.3631007
828.3949797,-590.2511878,420.8018138
828.8903654,-590.2166391,401.2105121
829.386344,-582.8125328,377.0170145
829.8829164,-567.7285326,348.6622339
830.3800839,-544.7777609,316.5903284
830.8778473,-513.9219766,281.2411824
831.3762079,-475.2938713,243.0451271
831.8751667,-429.2144375,202.4197321
832.3747248,-376.2033886,159.7684433
832.8748832,-316.9808579,115.4808154
833.375643,-252.459094,69.93407691
833.8770053,-183.7235805,23.49576308
834.3789713,-112.0038817,-23.4728375
834.881542,-38.63545771,-70.61267257
835.3847184,34.98541848,-117.5625938
835.8885017,107.450796,-163.9549443
836.3928931,177.3909557,-209.4113109
836.8978935,243.5217327,-253.5386987
837.4035041,304.6861714,-295.9263997
837.909726,359.8880242,-336.143848
838.4165603,408.3154348,-373.7397714
838.9240081,449.354075,-408.2429666
839.4320705,482.589929,-439.1650256
839.9407487,507.8027074,-466.005327
840.4500438,524.9514747,-488.2585671
840.9599569,534.1544289,-505.4250246
841.470489,535.6648975,-517.0236395
841.9816415,529.8455329,-522.6078202
842.4934153,517.1424558,-521.7836795
843.0058116,498.0607679,-514.2301513
843.5188316,473.1424827,-499.7201607
844.0324763,442.947561,-478.1417374
844.546747,408.0384079,-449.5177184
845.0616448,368.96792,-414.0225022
845.5771707,326.2709636,-371.9942522
846.0933261,280.4590235,-323.9410249
846.610112,232.0176741,-270.5395556
847.1275295,181.4064825,-212.6258563
847.6455799,129.0609461,-151.1773666
848.1642643,75.39607939,-87.2870781
848.6835839,20.81128924,-22.13076445
849.2035398,-34.30379136,43.07089861
849.7241332,-89.56281853,107.0930362
850.2453653,-144.5758906,168.7475263
850.7672373,-198.9426233,226.9216032
851.2897502,-252.2454378,280.6117519
851.8129054,-304.043377,328.9510038
852.336704,-353.8667933,371.2283712
852.8611472,-401.2133022,406.8998686
853.3862361,-445.5454359,435.5912603
853.9119721,-486.2904827,457.0932816
854.4383562,-522.8430266,471.350537
854.9653896,-554.5707103,478.4455708
855.4930737,-580.8237105,478.5797106
856.0214095,-600.9483287,472.0522492
856.5503982,-614.3049343,459.2393663
857.0800412,-620.2902566,440.5739528
857.6103396,-618.363685,416.5272266
858.1412946,-608.07682,387.5927463
858.6729075,-589.1050419,354.2731738
859.2051794,-561.2793647,317.0699156
859.7381116,-524.6163912,276.4755996
860.2717054,-479.3438429,232.9692179
860.8059619,-425.9190008,187.0136797
861.3408824,-365.0375228,139.0554727
861.8764681,-297.6305546,89.52610438
862.4127204,-224.8488272,38.84499472
862.9496403,-148.0334868,-12.57650419
863.4872292,-68.67462335,-64.33027598
864.0254883,11.64029361,-116.0061014
864.5644189,91.28478538,-167.1861174
865.1040222,168.6544928,-217.4393837
865.6442995,242.2267038,-266.3168821
866.185252,310.6141026,-313.3472967
866.7268811,372.6092128,-358.0339515
867.269188,427.217017,-399.8533155
867.8121739,473.6744514,-438.2555076
868.3558402,511.456716,-472.6672489
868.9001881,540.2714527,-502.497698
869.4452188,560.0427015,-527.1475572
869.9909338,570.8870831,-546.021742
870.5373343,573.084872,-558.545751
871.0844215,567.0485502,-564.1856481
871.6321968,553.2911375,-562.471278
872.1806614,532.396165,-553.0219811
872.7298167,504.9906661,-535.5736818
873.279664,471.7220742,-510.0058291
873.8302045,433.2394798,-476.3663169
874.3814397,390.1793436,-434.8922702
874.9333707,343.155494,-386.0245086
875.485999,292.7530537,-330.4136458
876.0393258,239.5258353,-268.9161896
876.5933525,183.9966934,-202.57966
877.1480804,126.6603221,-132.6166119
877.7035109,67.98800314,-60.36843711
878.2596452,8.433850722,12.73919021
878.8164847,-51.55786567,85.24649546
879.3740307,-111.5447061,155.7120871
879.9322847,-171.077719,222.7641626
880.4912479,-229.693138,285.1469989
881.0509217,-286.9044954,341.7597974
881.6113074,-342.1955643,391.6857535
882.1724065,-395.0145893,434.2101855
882.7342202,-444.7703262,468.8275659
883.29675,-490.8304689,495.238208
883.8599972,-532.5230953,513.3360828
884.4239631,-569.1417893,523.1897247
884.9886493,-599.9550788,525.0183983
885.5540569,-624.2207465,519.1656904
886.1201875,-641.2054009,506.0724873
886.6870424,-650.2094198,486.250974
887.254623,-650.5969858,460.2609054
887.8229308,-641.8304266,428.6890024
888.391967,-623.5074772,392.1319578
888.9617331,-595.3994413,351.183227
889.5322305,-557.4876229,306.4235355
890.1034606,-509.9949235,258.4148575
890.6754248,-453.4092682,207.69751
891.2481246,-388.4956302,154.7899406
891.8215613,-316.2939523,100.1907664
892.3957365,-238.1012175,44.38261869
892.9706514,-155.4372545,-12.16263473
893.5463076,-69.99542612,-68.97770189
894.1227064,16.41905188,-125.5931098
894.6998494,101.9590224,-181.5302702
895.2777379,184.808426,-236.2947651
895.8563734,263.2529911,-289.3702699
896.4357574,335.7433803,-340.2135624
897.0158913,400.9464881,-388.251103
897.5967765,457.7819283,-432.8777139
898.1784146,505.4423351,-473.4579131
898.7608069,543.3976829,-509.3304692
899.343955,571.3852073,-539.8167176
899.9278603,589.3875241,-564.2330944
900.5125244,597.6021311,-581.9081965
901.0979486,596.4056443,-592.2044353
901.6841344,586.3159295,-594.5440244
902.2710835,567.9548427,-588.4386193
902.8587971,542.0137005,-573.5214362
903.4472769,509.2229631,-549.5801546
904.0365244,470.3270045,-516.5884133
904.626541,426.0643269,-474.7333158
905.2173282,377.1531655,-424.4361651
905.8088876,324.2821369,-366.3637146
906.4012207,268.1054007,-301.4276294
906.9943289,209.2417049,-230.7705963
907.5882139,148.2766582,-155.7385834
908.1828771,85.76758351,-77.84000676
908.7783201,22.25034789,1.306121049
909.3745444,-41.75239093,80.02980351
909.9715515,-105.7220391,156.6733108
910.5693431,-169.1345122,229.6535261
911.1679205,-231.4507535,297.5189525
911.7672855,-292.1078216,358.997553
912.3674395,-350.5110785,413.0326099
912.9683841,-406.0280638,458.8050487
913.5701208,-457.9847038,495.741984
914.1726513,-505.664567,523.5124453
914.7759771,-548.311923,542.0121832
915.3800998,-585.1393677,551.3400704
915.9850209,-615.3407237,551.7688804
916.5907421,-638.1097758,543.7131823
917.1972649,-652.6651446,527.6968056
917.8045909,-658.2812021,504.3218856
918.4127218,-654.3244,474.2409883
919.0216591,-640.293722,438.1332969
919.6314043,-615.8632308,396.6853748
920.2419593,-580.9239407,350.5766368
920.8533255,-535.6216099,300.4693633
921.4655045,-480.3866493,247.0028898
922.078498,-415.9523108,190.7914781
922.6923077,-343.3577598,132.4253132
923.3069351,-263.933595,72.47405052
923.9223819,-179.2688153,11.492346
924.5386497,-91.16001368,-49.9731776
925.1557401,-1.545471038,-111.3760558
925.7736549,87.57144527,-172.1617145
926.3923957,174.2038925,-231.7593281
927.011964,256.4618706,-289.574344
927.6323617,332.6251076,-344.9822475
928.2535903,401.2032787,-397.3241896
928.8756515,460.9798273,-445.90515
929.4985471,511.037485,-489.9953446
930.1222786,550.765471,-528.8356027
930.7468477,579.8500112,-561.6474
931.3722562,598.2510752,-587.6481282
931.9985058,606.1689713,-606.0719785
932.6255981,604.0046837,-616.1964996
933.2535348,592.3176358,-617.374449
933.8823177,571.784057,-609.0699951
934.5119485,543.1584327,-590.8976801
935.1424288,507.2397712,-562.6618697
935.7737604,464.8437024,-524.3937928
936.4059451,416.7808148,-476.3828066
937.0389845,363.8411548,-419.1983466
937.6728803,306.7844725,-353.699225
938.3076344,246.3355827,-281.0276048
938.9432485,183.1840985,-202.5860948
939.5797243,117.9877597,-119.9979003
940.2170636,51.3785901,-35.05165907
940.8552681,-16.02884239,50.3657374
941.4943396,-83.62774534,134.3436513
942.1342799,-150.8086496,215.0239746
942.7750907,-216.9488177,290.6733973
943.4167738,-281.4021538,359.7463813
944.059331,-343.4902923,420.9346493
944.7027641,-402.4955954,473.2005302
945.3470749,-457.6568609,515.7932116
945.9922651,-508.1686063,548.2485908
946.6383366,-553.1848414,570.3747752
947.2852912,-591.8282368,582.2262305
947.9331307,-623.2055128,584.0700526
948.5818569,-646.4296768,576.3478864
949.2314716,-660.6493941,559.636712
949.8819767,-665.0852748,534.6111763
950.533374,-659.0721783,502.0094919
951.1856653,-642.1058221,462.6042477
951.8388524,-613.8910861,417.1788592
952.4929373,-574.3885295,366.5098679
953.1479218,-523.8549445,311.3549084
953.8038076,-462.8734033,252.4458896
954.4605968,-392.3683854,190.4867666
955.1182911,-313.6023044,126.1551993
955.7768924,-228.1511128,60.1073648
956.4364027,-137.8585613,-7.01479769
957.0968237,-44.77090999,-74.574613
957.7581574,48.94387876,-141.9306479
958.4204057,141.0865553,-208.4263197
959.0835704,229.5194812,-273.3798314
959.7476535,312.2545727,-336.0751708
960.4126569,387.5294831,-395.7549733
961.0785824,453.8666895,-451.6161261
961.7454321,510.1121888,-502.8090612
962.4132078,555.4527768,-548.441738
963.0819115,589.4130296,-587.5893108
963.7515451,611.8348386,-619.3103899
964.4221106,622.8435063,-642.6705906
965.0936098,622.8049329,-656.7736963
965.7660447,612.2783691,-660.8002092
966.4394174,591.9687197,-654.0523234
967.1137297,562.6816093,-636.0034657
967.7889837,525.2835291,-606.3495668
968.4651813,480.6685053,-565.0582827
969.1423244,429.7319553,-512.4116336
969.8204151,373.3517779,-449.0371474
970.4994554,312.3762695,-375.9227698
971.1794473,247.6181699,-294.4116341
971.8603926,179.8539758,-206.1743149
972.5422936,109.8275994,-113.1582888
973.2251521,38.25744924,-17.51676013
973.9089703,-34.15395362,78.47857677
974.59375,-106.7086723,172.534277
975.2794934,-178.7011782,262.4336035
975.9662025,-249.406114,346.1286976
976.6538793,-318.0668305,421.8192741
977.3425259,-383.8855893,488.0123553
978.0321443,-446.0164031,543.5598436
978.7227365,-503.5615758,587.6732049
979.4143048,-555.573084,619.9168169
980.106851,-601.0599758,640.1833314
980.8003774,-639.0029165,648.6555323
981.4948859,-668.376836,645.7596184
982.1903787,-688.1822876,632.1146757
982.8868579,-697.48557,608.4824928
983.5843255,-695.466879,575.7209881
984.2827837,-681.4747628,534.7435398
984.9822345,-655.0840056,486.485573
985.6826802,-616.1529041,431.8789467
986.3841227,-564.8748828,371.8340579
987.0865643,-501.8187629,307.2291291
987.7900071,-427.9519588,238.9058683
988.4944532,-344.6416135,167.6705458
989.1999048,-253.6302712,94.29948211
989.9063641,-156.9850248,19.5479531
990.6138331,-57.0219273,-55.83844695
991.322314,43.78961326,-131.1109081
992.0318091,142.9351885,-205.5038824
992.7423205,237.9675464,-278.2218646
993.4538504,326.6130907,-348.4274552
994.166401,406.8640311,-415.2317793
994.8799745,477.0493837,-477.6884375
995.594573,535.8806865,-534.7922842
996.3101989,582.4712522,-585.4844001
997.0268542,616.3305541,-628.664635
997.7445413,637.3375513,-663.212973
998.4632624,645.6981697,-688.0206656
999.1830196,641.8927312,-702.0315362
999.9038153,626.6189473,-704.2930437
1000.625652,600.7353621,-694.0156056
1001.348531,565.2090704,-670.6373707
1002.072456,521.0703608,-633.8902245
1002.797428,469.375809,-583.8614944
1003.523449,411.1803857,-521.0448686
1004.250523,347.5183946,-446.373714
1004.978651,279.3925337,-361.2305439
1005.707836,207.770044,-267.4279655
1006.43808,133.5847395,-167.1590014
1007.169385,57.74365144,-62.91795957
1007.901753,-18.86298059,42.6034282
1008.635188,-95.34960799,146.6366782
1009.36969,-170.8223791,246.4638272
1010.105263,-244.366464,339.5401878
1010.841909,-315.0349385,423.602107
1011.57963,-381.840521,496.7513188
1012.318429,-443.7515215,557.5105669
1013.058308,-499.6934102,604.8487086
1013.799269,-548.5574124,638.1768845
1014.541314,-589.2174323,657.3200686
1015.284447,-620.5563466,662.4700874
1016.028669,-641.5022448,654.1269468
1016.773983,-651.0744709,633.0351358
1017.520392,-648.4383445,600.1207198
1018.267896,-632.9662235,556.4337747
1019.016501,-604.3012293,503.0993096
1019.766206,-562.418636,441.2784882
1020.517016,-507.6788732,372.1408159
1021.268932,-440.8655675,296.8470757
1022.021956,-363.2023003,216.5421688
1022.776092,-276.3429752,132.3566155
1023.531342,-182.332865,45.41522761
1024.287708,-83.54039147,-43.14867224
1025.045193,17.43692932,-132.1752175
1025.803799,117.8856823,-220.4579975
1026.563529,215.0996504,-306.7241093
1027.324384,306.5022162,-389.6165132
1028.086369,389.7575831,-467.681248
1028.849485,462.861879,-539.3623876
1029.613734,524.2078947,-603.0079174
1030.37912,572.6205283,-656.8898648
1031.145644,607.3633699,-699.2418933
1031.91331,628.119757,-728.3170138
1032.682119,634.953693,-742.4668931
1033.452075,628.2571009,-740.2423422
1034.22318,608.6900302,-720.5119111
1034.995437,577.1198255,-682.5922466
1035.768848,534.5641667,-626.3803642
1036.543415,482.1415606,-552.4748537
1037.319142,421.0315227,-462.2710995
1038.096031,352.4454898,-358.0157072
1038.874084,277.6085304,-242.8081394
1039.653304,197.7511842,-120.5432962
1040.433695,114.1102486,4.203056015
1041.215257,27.93697653,126.3346457
1041.997995,-59.48909778,240.4204025
1042.781911,-146.8426976,340.8780526
1043.567007,-232.7339177,422.1244232
1044.353286,-315.6903852,478.6611052
1045.140751,-394.1432474,505.066596
1045.929404,-466.4201111,495.8691827
1046.719248,-530.7483656,445.2758517
1047.510286,-585.2725044,346.7281472
1048.302521,-628.0889755,192.2423981
1049.095955,-657.3015589,-28.53559143
1049.890591,-671.0991163,-329.6792437
1050.686431,-667.8556323,-730.9307113
1051.483479,-646.2497157,-1260.578184
1052.281738,-605.3972775,-1959.79786
1053.081209,-544.9873044,-2889.333453
1053.881896,-465.4071462,-4139.903816
1054.683801,-367.8413693,-5848.440132
1055.486928,-254.3279411,-8222.881585
1056.291279,-127.7580469,-11577.29259
1057.096856,8.188520593,-16370.36244
1057.903664,149.1721534,-23201.83612
1058.711703,290.3764006,-32583.82299
1059.520978,426.7257214,-43913.43283
1060.331492,553.1115014,-52525.26414
1061.143246,664.5964751,-45898.54878
1061.956244,756.5686464,-12268.04021
1062.770489,824.8204117,31516.44161
1063.585983,865.5351403,53585.08733
1064.40273,875.1696103,51873.4646
1065.220733,850.2238809,41159.10666
1066.039993,786.8879966,30444.54181
1066.860515,680.5449829,22180.42586
1067.682301,525.0890134,16293.10632
1068.505353,311.9817388,12179.71142
1069.329676,28.90998376,9292.790547
1070.155272,-342.1919856,7237.465628
1070.982143,-828.1637084,5747.643014
1071.810293,-1469.393158,4647.153307
1072.639725,-2327.600204,3819.072962
1073.470441,-3498.89026,3184.923856
1074.302446,-5136.209866,2691.238528
1075.135741,-7488.760499,2300.991174
1075.970329,-10971.72211,1988.116695
1076.806215,-16286.68254,1733.96989
1077.6434,-24605.77264,1525.007513
1078.481888,-37715.53035,1351.248518
1079.321682,-57333.67709,1205.235771
1080.162785,-80075.89285,1081.325461
1081.005199,-81354.14269,975.1937282
1081.848929,-18499.14423,883.4893447
1082.693977,66071.8343,803.5859504
1083.540346,87633.00794,733.4030553
1084.388039,68892.46855,671.2751317
1085.23706,46929.2188,615.8547306
1086.087411,31281.73846,566.0399259
1086.939096,21251.33469,520.9193182
1087.792117,14889.72492,479.7298079
1088.646479,10776.42115,441.8237056
1089.502183,8040.668753,406.6426787
1090.359234,6166.395682,373.6966788
1091.217635,4845.480635,342.5464395
1092.077388,3889.979932,312.7884329
1092.938497,3182.262311,284.0413699
1093.800964,2646.744102,255.933434
1094.664795,2233.619007,228.0894749
1095.52999,1909.284119,200.1173462
1096.396555,1650.569513,171.5924514
1097.264491,1441.176028,142.0393353
1098.133803,1269.425009,110.9087914
1099.004493,1126.805629,77.54838299
1099.876565,1007.017865,41.16339291
1100.750022,905.3299906,0.763854567
1101.624868,818.1395685,-44.90880975
1102.501105,742.6685336,-97.48538458
1103.378737,676.7481348,-159.1179606
1104.257768,618.6650393,-232.6987421
1105.1382,567.0496683,-322.1878141
1106.020037,520.7940732,-433.1151179
1106.903283,478.9907136,-573.3680925
1107.787941,440.8861652,-754.461195
1108.674014,405.845567,-993.6445222
1109.561505,373.324818,-1317.526905
1110.450418,342.8483416,-1768.545992
1111.340757,313.990793,-2417.045294
1112.232525,286.3614483,-3385.002368
1113.125725,259.5902489,-4895.525113
1114.020361,233.314606,-7383.653593
1114.916436,207.1661123,-11766.11464
1115.813953,180.7562631,-20167.24905
1116.712917,153.6601491,-38120.40703
1117.613331,125.396823,-82302.34192
1118.515198,95.40461307,-216494.5172
1119.418521,63.00898595,-945471.3217
1120.323305,27.37951419,1299492.638
1121.229552,-12.52912421,274004.5477
1122.137267,-58.05976106,96231.55437
1123.046453,-110.970741,43131.21694
1123.957113,-173.6078338,22401.3038
1124.869252,-249.1598607,12940.11839
1125.782872,-342.0471788,8091.145277
1126.697977,-458.5262386,5374.081473
1127.614571,-607.6553351,3740.980672
1128.532658,-802.8830533,2702.418895
1129.452241,-1064.7483,2010.513815
1130.373324,-1425.644817,1531.078807
1131.29591,-1938.597809,1187.33025
1132.220004,-2694.257232,933.2144072
1133.145608,-3855.77959,739.9605336
1134.072727,-5735.568175,588.9323697
1135.001365,-8978.76375,467.6485064
1135.931524,-15048.7437,367.4741978
1136.86321,-27681.68724,282.2310834
1137.796425,-57964.09124,207.3281807
1138.731173,-145899.2806,139.1964476
1139.667458,-503199.9937,74.90226773
1140.605285,-89960.31745,11.86485226
1141.544656,520453.6118,-52.37086959
1142.485576,146079.5508,-120.3408654
1143.428048,57720.64715,-194.8781112
1144.372076,27622.32385,-279.3699023
1145.317664,15092.84597,-378.0969182
1146.264817,9072.170707,-496.713298
1147.213537,5853.035321,-642.961694
1148.163829,3985.331695,-827.7802688
1149.115696,2829.782247,-1067.074248
1150.069144,2076.672981,-1384.642081
1151.024174,1564.127449,-1817.167384
1151.980792,1202.108473,-2423.030396
1152.939002,937.861928,-3298.434381
1153.898807,739.0720553,-4608.048768
1154.860211,585.1535303,-6645.385976
1155.823219,462.5167513,-9955.081299
1156.787834,361.8765949,-15579.98717
1157.75406,276.6594427,-25512.11306
1158.721902,202.0223648,-43155.97253
1159.691364,134.2229558,-72953.37918
1160.662449,70.19264431,-196795.2423
1161.635162,7.226115598,18742310.26
1162.609506,-57.26913183,125060.0472
1163.585486,-126.0036996,61819.23716
1164.563107,-202.0532117,36160.55607
1165.542371,-289.1601684,21532.95929
1166.523284,-392.1425115,13371.43336
1167.505849,-517.4873463,8704.390726
1168.490071,-674.258384,5917.871936
1169.475954,-875.5389703,4177.083796
1170.463502,-1140.809558,3042.986062
1171.452719,-1500.004608,2275.979891
1172.443609,-2000.696072,1739.8052
1173.436177,-2721.334072,1353.815557
1174.430427,-3796.747245,1068.488021
1175.426364,-5469.632802,852.374889
1176.423991,-8199.683664,684.8870057
1177.423313,-12904.80321,552.1587238
1178.424334,-21500.861,444.5992284
1179.427059,-37995.36663,355.3971318
1180.431491,-69755.79629,279.5799303
1181.437636,-141042.1445,213.4047162
1182.445498,-10700077.27,153.9506415
1183.45508,254781.4336,98.83566688
1184.466388,85600.17284,46.00951133
1185.479426,45871.33681,-6.408535442
1186.494198,25530.7308,-60.26887519
1187.510709,15067.2809,-117.5250015
1188.528963,9445.657489,-180.3762639
1189.548965,6243.276393,-251.4356236
1190.57072,4313.012608,-333.9401425
1191.594231,3089.938372,-432.0249195
1192.619503,2280.789856,-551.0825964
1193.646541,1725.156882,-698.2230472
1194.67535,1330.997489,-882.8098095
1195.705933,1043.196181,-1116.918496
1196.738296,827.4748449,-1415.154963
1197.772444,661.7802296,-1792.043218
1198.80838,531.4803182,-2251.476124
1199.846109,426.5833085,-2751.21836
1200.885637,340.0715938,-3088.805967
1201.926968,266.8711007,-2535.930512
1202.970106,203.1930839,1331.936756
1204.015056,146.0991713,16151.86563
1205.061824,93.20192592,61289.0599
1206.110413,42.44721241,127416.7276
1207.160828,-8.056346641,-31905.6493
1208.213075,-60.18516725,-115780.4822
1209.267158,-115.945063,-45543.11365
1210.323081,-177.630163,-11145.02253
1211.380851,-248.0161383,-364.1956036
1212.44047,-330.6121969,2400.272618
1213.501946,-430.0039907,2744.898653
1214.565281,-552.3293486,2435.091539
1215.630481,-705.9358792,2008.575404
1216.697552,-902.2559958,1617.828361
1217.766497,-1156.840347,1295.368247
1218.837323,-1490.117859,1038.216133
1219.910033,-1926.153969,834.8602873
1220.984633,-2483.286837,673.5338398
1222.061129,-3135.445957,544.378311
1223.139523,-3669.56244,439.6677517
1224.219823,-3169.447213,353.4911201
1225.302033,1850.086124,281.3489102
1226.386158,23708.19471,219.7980571
1227.472203,93656.66345,166.1713796
1228.560173,132506.3165,118.364714
1229.650074,-133498.7471,74.6773557
1230.74191,-90212.98537,33.69203394
1231.835687,-23274.80948,-5.81665174
1232.931409,-2341.119974,-44.95356313
1234.029083,2652.496301,-84.75983225
1235.128713,3294.294875,-126.2585485
1236.230304,2888.854815,-170.4902335
1237.333862,2328.059776,-218.5356322
1238.439392,1832.246294,-271.5178277
1239.5469,1437.240641,-330.5656739
1240.65639,1131.918824,-396.7014715
1241.767868,896.9440537,-470.5785578
1242.881339,714.8997278,-551.9205526
1243.996809,572.1634008,-638.3655124
1245.114283,458.5645758,-723.1173722
1246.233766,366.6118903,-790.1955368
1247.355264,290.7796033,-804.841457
1248.478783,226.9523046,-694.2438022
1249.604327,172.0172649,-309.5246482
1250.731903,123.570865,645.3577242
1251.861515,79.7072425,2728.118248
1252.99317,38.86432565,6858.916434
1254.126872,-0.290798389,14017.69254
1255.262628,-38.94992623,23164.48668
1256.400443,-78.23400306,25948.78587
1257.540323,-119.2514004,9066.697851
1258.682272,-163.1473091,-16807.2888
1259.826298,-211.1442195,-25232.66096
1260.972405,-264.5686555,-19017.5765
1262.120599,-324.850589,-10923.94589
1263.270886,-393.4647834,-5409.765825
1264.423272,-471.7484347,-2328.79209
1265.577762,-560.4573204,-755.7110485
1266.734362,-658.7713085,-2.774355121
1267.893079,-762.1386797,326.9819365
1269.053917,-857.6602368,444.3303738
1270.216882,-914.2382512,457.723854
1271.381981,-861.6074693,422.2196296
1272.54922,-546.2243054,365.459514
1273.718603,357.8958005,301.0433632
1274.890138,2509.137746,235.3645737
1276.06383,7082.300888,171.1123531
1277.239685,15466.8207,109.0749667
1278.417709,26372.16749,49.07100586
1279.597907,27987.10198,-9.570719081
1280.780287,4088.967931,-67.76620572
1281.964855,-23706.08217,-126.5525807
1283.151615,-26779.26581,-187.0236641
1284.340574,-17269.37487,-250.2874661
1285.531739,-8784.293783,-317.4176921
1286.725116,-3821.016525,-389.3698338
1287.92071,-1321.025599,-466.819882
1289.118528,-159.613187,-549.855493
1290.318577,334.99091,-637.3946359
1291.520861,510.0649069,-726.1035155
1292.725389,536.524475,-808.392057
1293.932165,496.9298182,-868.7028283
1295.141196,430.6631417,-876.6344775
1296.352489,356.103126,-774.2086231
1297.56605,281.39751,-452.4489943
1298.781884,209.7097626,290.8196765
1300,141.788721,1823.075572
